id,Details,NDVI,PLATFORM,Yield
1,HiRain_Hard_SP,0.930116895,TAMU,74
2,HiRain_Hard_SP,0.926207496,TAMU,30
3,HiRain_Hard_SP,0.941816367,TAMU,94
4,HiRain_Hard_SP,0.939317525,TAMU,87
5,HiRain_Hard_SP,0.949644474,TAMU,89
6,HiRain_Hard_SP,0.926381638,TAMU,86
7,HiRain_Hard_SP,0.936567078,TAMU,78
8,HiRain_Hard_SP,0.93158955,TAMU,92
9,HiRain_Hard_SP,0.949721561,TAMU,113
10,HiRain_Hard_SP,0.950651396,TAMU,88
11,HiRain_Hard_SP,0.923748256,TAMU,71
12,HiRain_Hard_SP,0.953034252,TAMU,103
13,HiRain_Hard_SP,0.951780964,TAMU,106
14,HiRain_Hard_SP,0.957977106,TAMU,106
15,HiRain_Hard_SP,0.958982462,TAMU,124
16,HiRain_Hard_SP,0.957587244,TAMU,117
17,HiRain_Hard_SP,0.94614999,TAMU,111
18,HiRain_Hard_SP,0.948898392,TAMU,120
19,HiRain_Hard_SP,0.951085934,TAMU,117
20,HiRain_Hard_SP,0.949271796,TAMU,127
21,HiRain_Hard_SP,0.95005788,TAMU,117
22,HiRain_Hard_SP,0.952223755,TAMU,102
23,HiRain_Hard_SP,0.94531063,TAMU,119
24,HiRain_Hard_SP,0.953194146,TAMU,109
25,HiRain_Hard_SP,0.954345172,TAMU,107
26,HiRain_Hard_SP,0.951611698,TAMU,98
27,HiRain_Hard_SP,0.944124479,TAMU,108
28,HiRain_Hard_SP,0.953193878,TAMU,96
29,HiRain_Hard_SP,0.948130049,TAMU,107
30,HiRain_Hard_SP,0.956998833,TAMU,105
31,HiRain_Hard_SP,0.955770527,TAMU,100
32,HiRain_Hard_SP,0.956632905,TAMU,92
33,HiRain_Hard_SP,0.965698998,TAMU,103
34,HiRain_Hard_SP,0.965105657,TAMU,104
35,HiRain_Hard_SP,0.962831143,TAMU,101
36,HiRain_Hard_SP,0.966159252,TAMU,108
37,HiRain_Hard_SP,0.963114604,TAMU,94
38,HiRain_Hard_SP,0.968242246,TAMU,107
39,HiRain_Hard_SP,0.964750207,TAMU,101
40,HiRain_Hard_SP,0.96435555,TAMU,100
41,HiRain_Hard_SP,0.976311413,TAMU,92
42,HiRain_Hard_SP,0.964866225,TAMU,98
43,HiRain_Hard_SP,0.967872299,TAMU,129
44,HiRain_Hard_SP,0.968913729,TAMU,121
45,HiRain_Hard_SP,0.969009769,TAMU,127
46,HiRain_Hard_SP,0.964561663,TAMU,123
47,HiRain_Hard_SP,0.970056515,TAMU,133
48,HiRain_Hard_SP,0.964694074,TAMU,124
49,HiRain_Hard_SP,0.950498995,TAMU,105
50,HiRain_Hard_SP,0.967564144,TAMU,121
51,HiRain_Hard_SP,0.970139927,TAMU,127
52,HiRain_Hard_SP,0.963148554,TAMU,115
53,HiRain_Hard_SP,0.959499297,TAMU,115
54,HiRain_Hard_SP,0.965354072,TAMU,122
55,HiRain_Hard_SP,0.955606596,TAMU,109
56,HiRain_Hard_SP,0.95732363,TAMU,117
57,HiRain_Hard_SP,0.965838857,TAMU,108
58,HiRain_Hard_SP,0.968142758,TAMU,109
59,HiRain_Hard_SP,0.969004557,TAMU,110
60,HiRain_Hard_SP,0.966162507,TAMU,107
61,HiRain_Hard_SP,0.945872903,TAMU,93
62,HiRain_Hard_SP,0.96737709,TAMU,111
63,HiRain_Hard_SP,0.969576652,TAMU,108
64,HiRain_Hard_SP,0.967136399,TAMU,111
65,HiRain_Hard_SP,0.96455438,TAMU,114
66,HiRain_Hard_SP,0.966417335,TAMU,116
67,HiRain_Hard_SP,0.967874716,TAMU,105
68,HiRain_Hard_SP,0.957177475,TAMU,100
69,HiRain_Hard_SP,0.953964065,TAMU,107
70,HiRain_Hard_SP,0.956149492,TAMU,111
71,HiRain_Hard_SP,0.898250342,TAMU,81
72,HiRain_Hard_SP,0.914597225,TAMU,78
73,HiRain_Hard_SP,0.896385276,TAMU,83
74,HiRain_Hard_SP,0.947849646,TAMU,90
75,HiRain_Hard_SP,0.948859194,TAMU,107
76,HiRain_Hard_SP,0.952728587,TAMU,109
77,HiRain_Hard_SP,0.963449468,TAMU,136
78,HiRain_Hard_SP,0.963175864,TAMU,103
79,HiRain_Hard_SP,0.9578695,TAMU,118
80,HiRain_Hard_SP,0.956781118,TAMU,106
81,HiRain_Hard_SP,0.956484375,TAMU,108
82,HiRain_Hard_SP,0.965506901,TAMU,126
83,HiRain_Hard_SP,0.967066419,TAMU,117
84,HiRain_Hard_SP,0.966380001,TAMU,115
85,HiRain_Hard_SP,0.961021505,TAMU,107
86,HiRain_Hard_SP,0.949760333,TAMU,106
87,HiRain_Hard_SP,0.953700107,TAMU,97
88,HiRain_Hard_SP,0.95730412,TAMU,103
89,HiRain_Hard_SP,0.954256105,TAMU,98
90,HiRain_Hard_SP,0.959066201,TAMU,95
91,HiRain_Hard_SP,0.958901324,TAMU,83
92,HiRain_Hard_SP,0.915181039,TAMU,87
93,HiRain_Hard_SP,0.916274144,TAMU,81
94,HiRain_Hard_SP,0.937136352,TAMU,96
95,HiRain_Hard_SP,0.906507689,TAMU,84
96,HiRain_Hard_SP,0.87905537,TAMU,70
97,HiRain_Hard_SP,0.861310828,TAMU,54
98,HiRain_Hard_SP,0.886954946,TAMU,70
99,HiRain_Hard_SP,0.897922181,TAMU,74
100,HiRain_Hard_SP,0.892861363,TAMU,67
101,HiRain_Hard_SP,0.892430827,TAMU,73
102,HiRain_Hard_SP,0.878047575,TAMU,72
103,HiRain_Hard_SP,0.885627953,TAMU,77
104,HiRain_Hard_SP,0.907402913,TAMU,75
105,HiRain_Hard_SP,0.885181791,TAMU,72
106,HiRain_Hard_SP,0.878900779,TAMU,70
107,HiRain_Hard_SP,0.918446437,TAMU,89
108,HiRain_Hard_SP,0.910801304,TAMU,88
109,HiRain_Hard_SP,0.90260424,TAMU,87
110,HiRain_Hard_SP,0.92058466,TAMU,94
111,HiRain_Hard_SP,0.905569579,TAMU,78
112,HiRain_Hard_SP,0.938752639,TAMU,110
113,HiRain_Hard_SP,0.954752449,TAMU,97
114,HiRain_Hard_SP,0.937711897,TAMU,89
115,HiRain_Hard_SP,0.953627529,TAMU,84
116,HiRain_Hard_SP,0.941405044,TAMU,81
117,HiRain_Hard_SP,0.931469687,TAMU,76
118,HiRain_Hard_SP,0.91860437,TAMU,76
119,HiRain_Hard_SP,0.929613239,TAMU,71
120,HiRain_Hard_SP,0.891152851,TAMU,56
121,HiRain_Hard_SP,0.89711952,TAMU,77
122,HiRain_Hard_SP,0.889862295,TAMU,74
123,HiRain_Hard_SP,0.909800785,TAMU,63
124,HiRain_Hard_SP,0.90902214,TAMU,63
125,HiRain_Hard_SP,0.921301033,TAMU,79
126,HiRain_Hard_SP,0.939095169,TAMU,88
127,HiRain_Hard_SP,0.959406613,TAMU,102
128,HiRain_Hard_SP,0.952051045,TAMU,100
129,HiRain_Hard_SP,0.945551695,TAMU,96
130,HiRain_Hard_SP,0.927616273,TAMU,97
131,HiRain_Hard_SP,0.9539165,TAMU,99
132,HiRain_Hard_SP,0.947408113,TAMU,118
133,HiRain_Hard_SP,0.958101255,TAMU,118
134,HiRain_Hard_SP,0.976586306,TAMU,118
135,HiRain_Hard_SP,0.974715559,TAMU,115
136,HiRain_Hard_SP,0.967651248,TAMU,120
137,HiRain_Hard_SP,0.96935076,TAMU,116
138,HiRain_Hard_SP,0.964126376,TAMU,112
139,HiRain_Hard_SP,0.962694334,TAMU,102
140,HiRain_Hard_SP,0.962981798,TAMU,107
141,HiRain_Hard_SP,0.975032015,TAMU,97
142,HiRain_Hard_SP,0.969548184,TAMU,105
143,HiRain_Hard_SP,0.964117827,TAMU,114
144,HiRain_Hard_SP,0.967245988,TAMU,119
145,HiRain_Hard_SP,0.964994686,TAMU,124
146,HiRain_Hard_SP,0.964808425,TAMU,117
147,HiRain_Hard_SP,0.969977859,TAMU,125
148,HiRain_Hard_SP,0.967673775,TAMU,120
149,HiRain_Hard_SP,0.964325038,TAMU,110
150,HiRain_Hard_SP,0.960678822,TAMU,98
151,HiRain_Hard_SP,0.963539413,TAMU,103
152,HiRain_Hard_SP,0.94388678,TAMU,93
153,HiRain_Hard_SP,0.948055285,TAMU,102
154,HiRain_Hard_SP,0.951142666,TAMU,93
155,HiRain_Hard_SP,0.960334096,TAMU,119
156,HiRain_Hard_SP,0.972173845,TAMU,119
157,HiRain_Hard_SP,0.969579798,TAMU,111
158,HiRain_Hard_SP,0.967492355,TAMU,116
159,HiRain_Hard_SP,0.972317841,TAMU,116
160,HiRain_Hard_SP,0.956196067,TAMU,119
161,HiRain_Hard_SP,0.905063923,TAMU,80
162,HiRain_Hard_SP,0.9709744,TAMU,123
163,HiRain_Hard_SP,0.970406021,TAMU,121
164,HiRain_Hard_SP,0.957793489,TAMU,129
165,HiRain_Hard_SP,0.967863277,TAMU,124
166,HiRain_Hard_SP,0.959438711,TAMU,127
167,HiRain_Hard_SP,0.966926625,TAMU,112
168,HiRain_Hard_SP,0.971737445,TAMU,124
169,HiRain_Hard_SP,0.970190667,TAMU,93
170,HiRain_Hard_SP,0.964737955,TAMU,118
171,HiRain_Hard_SP,0.970605027,TAMU,126
172,HiRain_Hard_SP,0.965270822,TAMU,128
173,HiRain_Hard_SP,0.956597862,TAMU,123
174,HiRain_Hard_SP,0.963132351,TAMU,130
175,HiRain_Hard_SP,0.973182438,TAMU,129
176,HiRain_Hard_SP,0.966147907,TAMU,120
177,HiRain_Hard_SP,0.963195076,TAMU,128
178,HiRain_Hard_SP,0.961946824,TAMU,135
179,HiRain_Hard_SP,0.971866691,TAMU,129
180,HiRain_Hard_SP,0.968251998,TAMU,113
181,HiRain_Hard_SP,0.964252471,TAMU,111
182,HiRain_Hard_SP,0.962083688,TAMU,131
183,HiRain_Hard_SP,0.958145483,TAMU,107
184,HiRain_Hard_SP,0.962552019,TAMU,109
185,HiRain_Hard_SP,0.959625474,TAMU,110
186,HiRain_Hard_SP,0.958549947,TAMU,119
187,HiRain_Hard_SP,0.954012629,TAMU,117
188,HiRain_Hard_SP,0.951524013,TAMU,124
189,HiRain_Hard_SP,0.968625086,TAMU,123
190,HiRain_Hard_SP,0.971009487,TAMU,93
191,HiRain_Hard_SP,0.97752455,TAMU,96
192,HiRain_Hard_SP,0.969938353,TAMU,119
193,HiRain_Hard_SP,0.969979756,TAMU,118
194,HiRain_Hard_SP,0.969756362,TAMU,118
195,HiRain_Hard_SP,0.971518446,TAMU,103
196,HiRain_Hard_SP,0.969556984,TAMU,123
197,HiRain_Hard_SP,0.947014888,TAMU,103
198,HiRain_Hard_SP,0.952304423,TAMU,93
199,HiRain_Hard_SP,0.95365015,TAMU,107
200,HiRain_Hard_SP,0.957081101,TAMU,100
201,HiRain_Hard_SP,0.967863788,TAMU,113
202,HiRain_Hard_SP,0.955019425,TAMU,111
203,HiRain_Hard_SP,0.956879205,TAMU,105
204,HiRain_Hard_SP,0.966288254,TAMU,115
205,HiRain_Hard_SP,0.966359531,TAMU,103
206,HiRain_Hard_SP,0.958728536,TAMU,108
207,HiRain_Hard_SP,0.957590666,TAMU,100
208,HiRain_Hard_SP,0.960950445,TAMU,100
209,HiRain_Hard_SP,0.959526352,TAMU,96
210,HiRain_Hard_SP,0.958528919,TAMU,84
211,HiRain_Hard_SP,0.89465257,TAMU,71
212,HiRain_Hard_SP,0.955166837,TAMU,91
213,HiRain_Hard_SP,0.953908772,TAMU,94
214,HiRain_Hard_SP,0.957558249,TAMU,102
215,HiRain_Hard_SP,0.961624829,TAMU,99
216,HiRain_Hard_SP,0.967760134,TAMU,101
217,HiRain_Hard_SP,0.969691985,TAMU,103
218,HiRain_Hard_SP,0.960904257,TAMU,115
219,HiRain_Hard_SP,0.964068132,TAMU,109
220,HiRain_Hard_SP,0.9583349,TAMU,110
221,HiRain_Hard_SP,0.943697849,TAMU,90
222,HiRain_Hard_SP,0.919442799,TAMU,75
223,HiRain_Hard_SP,0.937740047,TAMU,84
224,HiRain_Hard_SP,0.944759253,TAMU,84
225,HiRain_Hard_SP,0.949377751,TAMU,92
226,HiRain_Hard_SP,0.948937898,TAMU,92
227,HiRain_Hard_SP,0.936659735,TAMU,91
228,HiRain_Hard_SP,0.949076571,TAMU,101
229,HiRain_Hard_SP,0.945598885,TAMU,101
230,HiRain_Hard_SP,0.944861455,TAMU,99
231,HiRain_Hard_SP,0.963778503,TAMU,104
232,HiRain_Hard_SP,0.962225482,TAMU,119
233,HiRain_Hard_SP,0.959143229,TAMU,109
234,HiRain_Hard_SP,0.958611449,TAMU,104
235,HiRain_Hard_SP,0.95171792,TAMU,97
236,HiRain_Hard_SP,0.944525571,TAMU,102
237,HiRain_Hard_SP,0.944626516,TAMU,99
238,HiRain_Hard_SP,0.94342403,TAMU,95
239,HiRain_Hard_SP,0.970728089,TAMU,97
1,HiRain_SWW_SP,0.92588959,TAMU,62
2,HiRain_SWW_SP,0.934329333,TAMU,68
3,HiRain_SWW_SP,0.960406155,TAMU,90
4,HiRain_SWW_SP,0.949333498,TAMU,77
5,HiRain_SWW_SP,0.938614419,TAMU,68
6,HiRain_SWW_SP,0.930354374,TAMU,69
7,HiRain_SWW_SP,0.939717022,TAMU,67
8,HiRain_SWW_SP,0.945731106,TAMU,72
9,HiRain_SWW_SP,0.937170305,TAMU,75
10,HiRain_SWW_SP,0.950125941,TAMU,83
11,HiRain_SWW_SP,0.950346144,TAMU,87
12,HiRain_SWW_SP,0.94991774,TAMU,86
13,HiRain_SWW_SP,0.932044741,TAMU,72
14,HiRain_SWW_SP,0.956136148,TAMU,60
15,HiRain_SWW_SP,0.947583417,TAMU,57
16,HiRain_SWW_SP,0.955427441,TAMU,82
17,HiRain_SWW_SP,0.961581172,TAMU,103
18,HiRain_SWW_SP,0.954714073,TAMU,90
19,HiRain_SWW_SP,0.953636034,TAMU,90
20,HiRain_SWW_SP,0.941618326,TAMU,83
21,HiRain_SWW_SP,0.954092877,TAMU,95
22,HiRain_SWW_SP,0.936061905,TAMU,83
23,HiRain_SWW_SP,0.951279003,TAMU,94
24,HiRain_SWW_SP,0.938092764,TAMU,73
25,HiRain_SWW_SP,0.951745251,TAMU,80
26,HiRain_SWW_SP,0.951012853,TAMU,83
27,HiRain_SWW_SP,0.936430874,TAMU,79
28,HiRain_SWW_SP,0.949544847,TAMU,86
29,HiRain_SWW_SP,0.963216369,TAMU,104
30,HiRain_SWW_SP,0.948057418,TAMU,91
31,HiRain_SWW_SP,0.956024164,TAMU,95
32,HiRain_SWW_SP,0.955880537,TAMU,87
33,HiRain_SWW_SP,0.950310865,TAMU,89
34,HiRain_SWW_SP,0.952902102,TAMU,85
35,HiRain_SWW_SP,0.95250516,TAMU,89
36,HiRain_SWW_SP,0.951508355,TAMU,87
37,HiRain_SWW_SP,0.9419665,TAMU,65
38,HiRain_SWW_SP,0.955683368,TAMU,81
39,HiRain_SWW_SP,0.960752305,TAMU,94
40,HiRain_SWW_SP,0.969777065,TAMU,100
41,HiRain_SWW_SP,0.964408891,TAMU,105
42,HiRain_SWW_SP,0.962948071,TAMU,68
43,HiRain_SWW_SP,0.951519837,TAMU,67
44,HiRain_SWW_SP,0.960920149,TAMU,109
45,HiRain_SWW_SP,0.952725088,TAMU,90
46,HiRain_SWW_SP,0.961588163,TAMU,105
47,HiRain_SWW_SP,0.942665923,TAMU,95
48,HiRain_SWW_SP,0.953825993,TAMU,93
49,HiRain_SWW_SP,0.959141774,TAMU,103
50,HiRain_SWW_SP,0.958459412,TAMU,96
51,HiRain_SWW_SP,0.918847346,TAMU,90
52,HiRain_SWW_SP,0.953892571,TAMU,92
53,HiRain_SWW_SP,0.929686794,TAMU,74
54,HiRain_SWW_SP,0.94682975,TAMU,84
55,HiRain_SWW_SP,0.956593918,TAMU,89
56,HiRain_SWW_SP,0.957722983,TAMU,87
57,HiRain_SWW_SP,0.949403004,TAMU,83
58,HiRain_SWW_SP,0.953418211,TAMU,94
59,HiRain_SWW_SP,0.950018231,TAMU,88
60,HiRain_SWW_SP,0.957074268,TAMU,93
61,HiRain_SWW_SP,0.945101261,TAMU,77
62,HiRain_SWW_SP,0.964640436,TAMU,99
63,HiRain_SWW_SP,0.958249242,TAMU,98
64,HiRain_SWW_SP,0.96071757,TAMU,103
65,HiRain_SWW_SP,0.948663413,TAMU,90
66,HiRain_SWW_SP,0.958919547,TAMU,102
67,HiRain_SWW_SP,0.926775556,TAMU,59
68,HiRain_SWW_SP,0.941917871,TAMU,63
69,HiRain_SWW_SP,0.963548458,TAMU,105
70,HiRain_SWW_SP,0.958219791,TAMU,80
71,HiRain_SWW_SP,0.95625456,TAMU,92
72,HiRain_SWW_SP,0.94614264,TAMU,73
73,HiRain_SWW_SP,0.933101625,TAMU,76
74,HiRain_SWW_SP,0.914247723,TAMU,61
75,HiRain_SWW_SP,0.924101692,TAMU,71
76,HiRain_SWW_SP,0.874914064,TAMU,41
77,HiRain_SWW_SP,0.952057619,TAMU,89
78,HiRain_SWW_SP,0.94047338,TAMU,86
79,HiRain_SWW_SP,0.936750711,TAMU,88
80,HiRain_SWW_SP,0.946344923,TAMU,91
81,HiRain_SWW_SP,0.961428967,TAMU,108
82,HiRain_SWW_SP,0.938632606,TAMU,75
83,HiRain_SWW_SP,0.922901474,TAMU,61
84,HiRain_SWW_SP,0.9354198,TAMU,62
85,HiRain_SWW_SP,0.961094451,TAMU,89
86,HiRain_SWW_SP,0.939895605,TAMU,93
87,HiRain_SWW_SP,0.939706628,TAMU,101
88,HiRain_SWW_SP,0.932689895,TAMU,95
89,HiRain_SWW_SP,0.936200372,TAMU,79
90,HiRain_SWW_SP,0.9366711,TAMU,89
91,HiRain_SWW_SP,0.962198611,TAMU,104
92,HiRain_SWW_SP,0.959004947,TAMU,92
93,HiRain_SWW_SP,0.930012901,TAMU,85
94,HiRain_SWW_SP,0.949088107,TAMU,86
95,HiRain_SWW_SP,0.926191944,TAMU,102
96,HiRain_SWW_SP,0.927218956,TAMU,88
97,HiRain_SWW_SP,0.932932615,TAMU,94
98,HiRain_SWW_SP,0.945872015,TAMU,89
99,HiRain_SWW_SP,0.929275018,TAMU,68
100,HiRain_SWW_SP,0.943032068,TAMU,83
101,HiRain_SWW_SP,0.945553582,TAMU,98
102,HiRain_SWW_SP,0.938087254,TAMU,85
103,HiRain_SWW_SP,0.938248927,TAMU,86
104,HiRain_SWW_SP,0.931775807,TAMU,80
105,HiRain_SWW_SP,0.891511412,TAMU,67
106,HiRain_SWW_SP,0.87963255,TAMU,56
107,HiRain_SWW_SP,0.920710189,TAMU,40
108,HiRain_SWW_SP,0.911654971,TAMU,65
109,HiRain_SWW_SP,0.923810526,TAMU,72
110,HiRain_SWW_SP,0.935139474,TAMU,77
111,HiRain_SWW_SP,0.924000614,TAMU,91
112,HiRain_SWW_SP,0.960902211,TAMU,84
113,HiRain_SWW_SP,0.957768167,TAMU,96
114,HiRain_SWW_SP,0.957549984,TAMU,87
115,HiRain_SWW_SP,0.947834191,TAMU,95
116,HiRain_SWW_SP,0.937193719,TAMU,91
117,HiRain_SWW_SP,0.912880582,TAMU,83
118,HiRain_SWW_SP,0.919428838,TAMU,80
119,HiRain_SWW_SP,0.9273159,TAMU,73
120,HiRain_SWW_SP,0.936266246,TAMU,80
121,HiRain_SWW_SP,0.934104285,TAMU,78
122,HiRain_SWW_SP,0.942578267,TAMU,100
123,HiRain_SWW_SP,0.937026099,TAMU,75
124,HiRain_SWW_SP,0.955698978,TAMU,92
125,HiRain_SWW_SP,0.92959356,TAMU,74
126,HiRain_SWW_SP,0.950989649,TAMU,78
127,HiRain_SWW_SP,0.953999818,TAMU,101
128,HiRain_SWW_SP,0.941408311,TAMU,91
129,HiRain_SWW_SP,0.952058271,TAMU,104
130,HiRain_SWW_SP,0.952862125,TAMU,91
131,HiRain_SWW_SP,0.950932629,TAMU,106
132,HiRain_SWW_SP,0.953412246,TAMU,88
133,HiRain_SWW_SP,0.951838821,TAMU,93
134,HiRain_SWW_SP,0.935085332,TAMU,80
135,HiRain_SWW_SP,0.941651676,TAMU,86
136,HiRain_SWW_SP,0.939759434,TAMU,94
137,HiRain_SWW_SP,0.943971378,TAMU,100
138,HiRain_SWW_SP,0.949397178,TAMU,95
139,HiRain_SWW_SP,0.916844819,TAMU,79
140,HiRain_SWW_SP,0.903988583,TAMU,79
141,HiRain_SWW_SP,0.951364808,TAMU,94
142,HiRain_SWW_SP,0.944089526,TAMU,92
143,HiRain_SWW_SP,0.946481714,TAMU,106
144,HiRain_SWW_SP,0.945532686,TAMU,94
145,HiRain_SWW_SP,0.952529889,TAMU,99
146,HiRain_SWW_SP,0.960198681,TAMU,101
147,HiRain_SWW_SP,0.956295739,TAMU,91
148,HiRain_SWW_SP,0.955425521,TAMU,92
149,HiRain_SWW_SP,0.950835055,TAMU,90
150,HiRain_SWW_SP,0.960429889,TAMU,102
151,HiRain_SWW_SP,0.966409549,TAMU,110
152,HiRain_SWW_SP,0.953408096,TAMU,106
153,HiRain_SWW_SP,0.959617817,TAMU,98
154,HiRain_SWW_SP,0.958682094,TAMU,106
155,HiRain_SWW_SP,0.962326033,TAMU,117
156,HiRain_SWW_SP,0.962807137,TAMU,111
157,HiRain_SWW_SP,0.968315152,TAMU,112
158,HiRain_SWW_SP,0.954208764,TAMU,109
159,HiRain_SWW_SP,0.958242389,TAMU,111
160,HiRain_SWW_SP,0.944692437,TAMU,83
161,HiRain_SWW_SP,0.965597111,TAMU,112
162,HiRain_SWW_SP,0.946425511,TAMU,93
163,HiRain_SWW_SP,0.937718631,TAMU,91
164,HiRain_SWW_SP,0.952352107,TAMU,92
165,HiRain_SWW_SP,0.948901622,TAMU,88
166,HiRain_SWW_SP,0.929559602,TAMU,79
167,HiRain_SWW_SP,0.93986351,TAMU,74
168,HiRain_SWW_SP,0.920782704,TAMU,77
169,HiRain_SWW_SP,0.963385095,TAMU,115
170,HiRain_SWW_SP,0.95958471,TAMU,99
171,HiRain_SWW_SP,0.934492294,TAMU,106
172,HiRain_SWW_SP,0.961199684,TAMU,109
173,HiRain_SWW_SP,0.96273783,TAMU,103
174,HiRain_SWW_SP,0.955954414,TAMU,113
175,HiRain_SWW_SP,0.949823731,TAMU,92
176,HiRain_SWW_SP,0.958832664,TAMU,118
177,HiRain_SWW_SP,0.949661318,TAMU,100
178,HiRain_SWW_SP,0.958908178,TAMU,120
179,HiRain_SWW_SP,0.964521829,TAMU,118
180,HiRain_SWW_SP,0.969189144,TAMU,122
181,HiRain_SWW_SP,0.962983687,TAMU,117
182,HiRain_SWW_SP,0.96296341,TAMU,127
183,HiRain_SWW_SP,0.971176771,TAMU,133
184,HiRain_SWW_SP,0.967551175,TAMU,129
185,HiRain_SWW_SP,0.970301919,TAMU,136
186,HiRain_SWW_SP,0.967621762,TAMU,127
187,HiRain_SWW_SP,0.96664542,TAMU,125
188,HiRain_SWW_SP,0.969835123,TAMU,111
189,HiRain_SWW_SP,0.967815392,TAMU,115
190,HiRain_SWW_SP,0.965535868,TAMU,111
191,HiRain_SWW_SP,0.964785706,TAMU,113
192,HiRain_SWW_SP,0.96410458,TAMU,109
193,HiRain_SWW_SP,0.958170723,TAMU,124
194,HiRain_SWW_SP,0.968580432,TAMU,111
195,HiRain_SWW_SP,0.959381058,TAMU,108
196,HiRain_SWW_SP,0.946676186,TAMU,103
197,HiRain_SWW_SP,0.9521025,TAMU,110
198,HiRain_SWW_SP,0.961338765,TAMU,106
199,HiRain_SWW_SP,0.96618656,TAMU,109
200,HiRain_SWW_SP,0.962182941,TAMU,103
201,HiRain_SWW_SP,0.972917315,TAMU,121
202,HiRain_SWW_SP,0.97111738,TAMU,114
203,HiRain_SWW_SP,0.963955244,TAMU,108
204,HiRain_SWW_SP,0.965111272,TAMU,114
205,HiRain_SWW_SP,0.969545003,TAMU,116
206,HiRain_SWW_SP,0.971968706,TAMU,117
207,HiRain_SWW_SP,0.973642308,TAMU,128
208,HiRain_SWW_SP,0.966739896,TAMU,129
209,HiRain_SWW_SP,0.97564658,TAMU,128
210,HiRain_SWW_SP,0.955776445,TAMU,96
211,HiRain_SWW_SP,0.966754355,TAMU,116
212,HiRain_SWW_SP,0.95899387,TAMU,99
213,HiRain_SWW_SP,0.94323558,TAMU,86
214,HiRain_SWW_SP,0.951931681,TAMU,100
215,HiRain_SWW_SP,0.964485203,TAMU,111
216,HiRain_SWW_SP,0.951352067,TAMU,97
217,HiRain_SWW_SP,0.955159299,TAMU,102
218,HiRain_SWW_SP,0.948181486,TAMU,84
219,HiRain_SWW_SP,0.932916711,TAMU,85
220,HiRain_SWW_SP,0.937842437,TAMU,91
221,HiRain_SWW_SP,0.951178785,TAMU,94
222,HiRain_SWW_SP,0.932367076,TAMU,74
223,HiRain_SWW_SP,0.92943337,TAMU,82
224,HiRain_SWW_SP,0.927418809,TAMU,78
225,HiRain_SWW_SP,0.944292377,TAMU,92
226,HiRain_SWW_SP,0.947155658,TAMU,88
227,HiRain_SWW_SP,0.935206637,TAMU,94
228,HiRain_SWW_SP,0.937804488,TAMU,90
229,HiRain_SWW_SP,0.941148303,TAMU,76
230,HiRain_SWW_SP,0.948876652,TAMU,95
231,HiRain_SWW_SP,0.92255985,TAMU,93
232,HiRain_SWW_SP,0.966723492,TAMU,97
233,HiRain_SWW_SP,0.961608141,TAMU,98
234,HiRain_SWW_SP,0.967362917,TAMU,96
235,HiRain_SWW_SP,0.968611447,TAMU,104
236,HiRain_SWW_SP,0.960579083,TAMU,108
237,HiRain_SWW_SP,0.953282767,TAMU,93
238,HiRain_SWW_SP,0.956124063,TAMU,96
239,HiRain_SWW_SP,0.956018072,TAMU,86
240,HiRain_SWW_SP,0.964378525,TAMU,97
241,HiRain_SWW_SP,0.950519742,TAMU,87
242,HiRain_SWW_SP,0.966388517,TAMU,88
243,HiRain_SWW_SP,0.914319402,TAMU,71
244,HiRain_SWW_SP,0.963983576,TAMU,81
245,HiRain_SWW_SP,0.958016238,TAMU,86
246,HiRain_SWW_SP,0.95929532,TAMU,83
247,HiRain_SWW_SP,0.957363511,TAMU,85
248,HiRain_SWW_SP,0.955932639,TAMU,90
249,HiRain_SWW_SP,0.943365216,TAMU,78
250,HiRain_SWW_SP,0.954409122,TAMU,98
1,Metribuzin_Trail_NoSpray,0.964426876,TAMU,119
2,Metribuzin_Trail_NoSpray,0.967072717,TAMU,119
3,Metribuzin_Trail_NoSpray,0.968804434,TAMU,120
4,Metribuzin_Trail_NoSpray,0.976972433,TAMU,127
5,Metribuzin_Trail_NoSpray,0.964195648,TAMU,115
6,Metribuzin_Trail_NoSpray,0.974050399,TAMU,129
7,Metribuzin_Trail_NoSpray,0.972800964,TAMU,120
8,Metribuzin_Trail_NoSpray,0.971982233,TAMU,133
9,Metribuzin_Trail_NoSpray,0.973659457,TAMU,119
10,Metribuzin_Trail_NoSpray,0.970163545,TAMU,109
11,Metribuzin_Trail_NoSpray,0.962442357,TAMU,98
12,Metribuzin_Trail_NoSpray,0.965855685,TAMU,91
13,Metribuzin_Trail_NoSpray,0.96858326,TAMU,100
14,Metribuzin_Trail_NoSpray,0.961196352,TAMU,104
15,Metribuzin_Trail_NoSpray,0.966872438,TAMU,104
16,Metribuzin_Trail_NoSpray,0.965576517,TAMU,112
17,Metribuzin_Trail_NoSpray,0.967965188,TAMU,80
18,Metribuzin_Trail_NoSpray,0.944601037,TAMU,84
19,Metribuzin_Trail_NoSpray,0.954465128,TAMU,87
20,Metribuzin_Trail_NoSpray,0.961311941,TAMU,83
21,Metribuzin_Trail_NoSpray,0.968186295,TAMU,105
22,Metribuzin_Trail_NoSpray,0.969164607,TAMU,101
23,Metribuzin_Trail_NoSpray,0.947436595,TAMU,86
24,Metribuzin_Trail_NoSpray,0.965540287,TAMU,91
25,Metribuzin_Trail_NoSpray,0.955176941,TAMU,86
26,Metribuzin_Trail_NoSpray,0.963993626,TAMU,84
27,Metribuzin_Trail_NoSpray,0.967193485,TAMU,95
28,Metribuzin_Trail_NoSpray,0.969319403,TAMU,89
29,Metribuzin_Trail_NoSpray,0.95249207,TAMU,91
30,Metribuzin_Trail_NoSpray,0.96884294,TAMU,87
31,Metribuzin_Trail_NoSpray,0.953406042,TAMU,82
32,Metribuzin_Trail_NoSpray,0.965359976,TAMU,105
33,Metribuzin_Trail_NoSpray,0.967574737,TAMU,101
34,Metribuzin_Trail_NoSpray,0.971058137,TAMU,102
35,Metribuzin_Trail_NoSpray,0.967904558,TAMU,96
36,Metribuzin_Trail_NoSpray,0.961963542,TAMU,95
1,Metribuzin_Trial_Spray,0.948247174,TAMU,102
2,Metribuzin_Trial_Spray,0.949624508,TAMU,94
3,Metribuzin_Trial_Spray,0.964398557,TAMU,110
4,Metribuzin_Trial_Spray,0.956155949,TAMU,105
5,Metribuzin_Trial_Spray,0.944537236,TAMU,75
6,Metribuzin_Trial_Spray,0.960416286,TAMU,92
7,Metribuzin_Trial_Spray,0.963229021,TAMU,91
8,Metribuzin_Trial_Spray,0.957123253,TAMU,102
9,Metribuzin_Trial_Spray,0.962757818,TAMU,106
10,Metribuzin_Trial_Spray,0.962495397,TAMU,104
11,Metribuzin_Trial_Spray,0.964571592,TAMU,104
12,Metribuzin_Trial_Spray,0.96640348,TAMU,104
13,Metribuzin_Trial_Spray,0.966490932,TAMU,109
14,Metribuzin_Trial_Spray,0.953215207,TAMU,102
15,Metribuzin_Trial_Spray,0.963688089,TAMU,111
16,Metribuzin_Trial_Spray,0.966849749,TAMU,118
17,Metribuzin_Trial_Spray,0.967400762,TAMU,61
18,Metribuzin_Trial_Spray,0.941029253,TAMU,80
19,Metribuzin_Trial_Spray,0.951844455,TAMU,86
20,Metribuzin_Trial_Spray,0.963297786,TAMU,91
21,Metribuzin_Trial_Spray,0.962817036,TAMU,97
22,Metribuzin_Trial_Spray,0.963743567,TAMU,99
23,Metribuzin_Trial_Spray,0.940453625,TAMU,90
24,Metribuzin_Trial_Spray,0.961941844,TAMU,106
25,Metribuzin_Trial_Spray,0.949160376,TAMU,80
26,Metribuzin_Trial_Spray,0.962909195,TAMU,85
27,Metribuzin_Trial_Spray,0.963580899,TAMU,85
28,Metribuzin_Trial_Spray,0.964890448,TAMU,87
29,Metribuzin_Trial_Spray,0.948291429,TAMU,79
30,Metribuzin_Trial_Spray,0.967396358,TAMU,71
31,Metribuzin_Trial_Spray,0.959960355,TAMU,79
32,Metribuzin_Trial_Spray,0.960165939,TAMU,88
33,Metribuzin_Trial_Spray,0.958427116,TAMU,91
34,Metribuzin_Trial_Spray,0.962747679,TAMU,94
35,Metribuzin_Trial_Spray,0.964782271,TAMU,97
36,Metribuzin_Trial_Spray,0.957792415,TAMU,90
1,HiRain_Hard_SP,0.519233543,WSU,74
2,HiRain_Hard_SP,0.521429199,WSU,30
3,HiRain_Hard_SP,0.588726213,WSU,94
4,HiRain_Hard_SP,0.580742053,WSU,87
5,HiRain_Hard_SP,0.615526615,WSU,89
6,HiRain_Hard_SP,0.537841929,WSU,86
7,HiRain_Hard_SP,0.556325016,WSU,78
8,HiRain_Hard_SP,0.544386474,WSU,92
9,HiRain_Hard_SP,0.619621391,WSU,113
10,HiRain_Hard_SP,0.617832813,WSU,88
11,HiRain_Hard_SP,0.544771684,WSU,71
12,HiRain_Hard_SP,0.636350989,WSU,103
13,HiRain_Hard_SP,0.636316112,WSU,106
14,HiRain_Hard_SP,0.659356192,WSU,106
15,HiRain_Hard_SP,0.669184107,WSU,124
16,HiRain_Hard_SP,0.655540421,WSU,117
17,HiRain_Hard_SP,0.605585103,WSU,111
18,HiRain_Hard_SP,0.616118641,WSU,120
19,HiRain_Hard_SP,0.619720501,WSU,117
20,HiRain_Hard_SP,0.610605923,WSU,127
21,HiRain_Hard_SP,0.636609085,WSU,117
22,HiRain_Hard_SP,0.631320869,WSU,102
23,HiRain_Hard_SP,0.58884623,WSU,119
24,HiRain_Hard_SP,0.632814812,WSU,109
25,HiRain_Hard_SP,0.639100968,WSU,107
26,HiRain_Hard_SP,0.625429334,WSU,98
27,HiRain_Hard_SP,0.586151498,WSU,108
28,HiRain_Hard_SP,0.630550872,WSU,96
29,HiRain_Hard_SP,0.634412627,WSU,107
30,HiRain_Hard_SP,0.673282103,WSU,105
31,HiRain_Hard_SP,0.653905816,WSU,100
32,HiRain_Hard_SP,0.654837125,WSU,92
33,HiRain_Hard_SP,0.713302497,WSU,103
34,HiRain_Hard_SP,0.70534898,WSU,104
35,HiRain_Hard_SP,0.682779237,WSU,101
36,HiRain_Hard_SP,0.709200331,WSU,108
37,HiRain_Hard_SP,0.687936536,WSU,94
38,HiRain_Hard_SP,0.719831621,WSU,107
39,HiRain_Hard_SP,0.695531397,WSU,101
40,HiRain_Hard_SP,0.703538322,WSU,100
41,HiRain_Hard_SP,0.790195331,WSU,92
42,HiRain_Hard_SP,0.700640619,WSU,98
43,HiRain_Hard_SP,0.725518702,WSU,129
44,HiRain_Hard_SP,0.728880855,WSU,121
45,HiRain_Hard_SP,0.725509766,WSU,127
46,HiRain_Hard_SP,0.69980935,WSU,123
47,HiRain_Hard_SP,0.731940503,WSU,133
48,HiRain_Hard_SP,0.696690905,WSU,124
49,HiRain_Hard_SP,0.633642224,WSU,105
50,HiRain_Hard_SP,0.716386092,WSU,121
51,HiRain_Hard_SP,0.733572777,WSU,127
52,HiRain_Hard_SP,0.6890456,WSU,115
53,HiRain_Hard_SP,0.677612362,WSU,115
54,HiRain_Hard_SP,0.712527904,WSU,122
55,HiRain_Hard_SP,0.649913115,WSU,109
56,HiRain_Hard_SP,0.660992155,WSU,117
57,HiRain_Hard_SP,0.703698117,WSU,108
58,HiRain_Hard_SP,0.720818415,WSU,109
59,HiRain_Hard_SP,0.72632943,WSU,110
60,HiRain_Hard_SP,0.708659358,WSU,107
61,HiRain_Hard_SP,0.635463662,WSU,93
62,HiRain_Hard_SP,0.712411704,WSU,111
63,HiRain_Hard_SP,0.731256732,WSU,108
64,HiRain_Hard_SP,0.715192631,WSU,111
65,HiRain_Hard_SP,0.700833936,WSU,114
66,HiRain_Hard_SP,0.714547899,WSU,116
67,HiRain_Hard_SP,0.726070511,WSU,105
68,HiRain_Hard_SP,0.65985735,WSU,100
69,HiRain_Hard_SP,0.640741398,WSU,107
70,HiRain_Hard_SP,0.6564638,WSU,111
71,HiRain_Hard_SP,0.464606119,WSU,81
72,HiRain_Hard_SP,0.507682504,WSU,78
73,HiRain_Hard_SP,0.454633683,WSU,83
74,HiRain_Hard_SP,0.596448382,WSU,90
75,HiRain_Hard_SP,0.612925251,WSU,107
76,HiRain_Hard_SP,0.616888734,WSU,109
77,HiRain_Hard_SP,0.684016154,WSU,136
78,HiRain_Hard_SP,0.694122011,WSU,103
79,HiRain_Hard_SP,0.661978756,WSU,118
80,HiRain_Hard_SP,0.658820417,WSU,106
81,HiRain_Hard_SP,0.663485554,WSU,108
82,HiRain_Hard_SP,0.706771038,WSU,126
83,HiRain_Hard_SP,0.71416695,WSU,117
84,HiRain_Hard_SP,0.712710352,WSU,115
85,HiRain_Hard_SP,0.679059298,WSU,107
86,HiRain_Hard_SP,0.61968774,WSU,106
87,HiRain_Hard_SP,0.641692653,WSU,97
88,HiRain_Hard_SP,0.657909141,WSU,103
89,HiRain_Hard_SP,0.639619092,WSU,98
90,HiRain_Hard_SP,0.6708568,WSU,95
91,HiRain_Hard_SP,0.690973967,WSU,83
92,HiRain_Hard_SP,0.492628288,WSU,87
93,HiRain_Hard_SP,0.455743959,WSU,81
94,HiRain_Hard_SP,0.564667719,WSU,96
95,HiRain_Hard_SP,0.477601915,WSU,84
96,HiRain_Hard_SP,0.387710234,WSU,70
97,HiRain_Hard_SP,0.325413453,WSU,54
98,HiRain_Hard_SP,0.372151095,WSU,70
99,HiRain_Hard_SP,0.424869292,WSU,74
100,HiRain_Hard_SP,0.396789271,WSU,67
101,HiRain_Hard_SP,0.395792335,WSU,73
102,HiRain_Hard_SP,0.391879745,WSU,72
103,HiRain_Hard_SP,0.392983313,WSU,77
104,HiRain_Hard_SP,0.460832772,WSU,75
105,HiRain_Hard_SP,0.440498099,WSU,72
106,HiRain_Hard_SP,0.412139322,WSU,70
107,HiRain_Hard_SP,0.490664897,WSU,89
108,HiRain_Hard_SP,0.491754736,WSU,88
109,HiRain_Hard_SP,0.478793193,WSU,87
110,HiRain_Hard_SP,0.505975776,WSU,94
111,HiRain_Hard_SP,0.455586514,WSU,78
112,HiRain_Hard_SP,0.555030823,WSU,110
113,HiRain_Hard_SP,0.656610915,WSU,97
114,HiRain_Hard_SP,0.578602855,WSU,89
115,HiRain_Hard_SP,0.647337678,WSU,84
116,HiRain_Hard_SP,0.593547265,WSU,81
117,HiRain_Hard_SP,0.529146062,WSU,76
118,HiRain_Hard_SP,0.478358572,WSU,76
119,HiRain_Hard_SP,0.561673661,WSU,71
120,HiRain_Hard_SP,0.414880812,WSU,56
121,HiRain_Hard_SP,0.471200187,WSU,77
122,HiRain_Hard_SP,0.400268658,WSU,74
123,HiRain_Hard_SP,0.464980492,WSU,63
124,HiRain_Hard_SP,0.434437774,WSU,63
125,HiRain_Hard_SP,0.496744682,WSU,79
126,HiRain_Hard_SP,0.570352307,WSU,88
127,HiRain_Hard_SP,0.705570663,WSU,102
128,HiRain_Hard_SP,0.635567311,WSU,100
129,HiRain_Hard_SP,0.620120633,WSU,96
130,HiRain_Hard_SP,0.551636227,WSU,97
131,HiRain_Hard_SP,0.653376638,WSU,99
132,HiRain_Hard_SP,0.604754592,WSU,118
133,HiRain_Hard_SP,0.662097508,WSU,118
134,HiRain_Hard_SP,0.791011574,WSU,118
135,HiRain_Hard_SP,0.77437784,WSU,115
136,HiRain_Hard_SP,0.749320157,WSU,120
137,HiRain_Hard_SP,0.744072687,WSU,116
138,HiRain_Hard_SP,0.71901613,WSU,112
139,HiRain_Hard_SP,0.71058146,WSU,102
140,HiRain_Hard_SP,0.710257456,WSU,107
141,HiRain_Hard_SP,0.784506801,WSU,97
142,HiRain_Hard_SP,0.7346867,WSU,105
143,HiRain_Hard_SP,0.700540278,WSU,114
144,HiRain_Hard_SP,0.712616196,WSU,119
145,HiRain_Hard_SP,0.695610504,WSU,124
146,HiRain_Hard_SP,0.697577464,WSU,117
147,HiRain_Hard_SP,0.728783142,WSU,125
148,HiRain_Hard_SP,0.718535057,WSU,120
149,HiRain_Hard_SP,0.690783379,WSU,110
150,HiRain_Hard_SP,0.679138021,WSU,98
151,HiRain_Hard_SP,0.694506615,WSU,103
152,HiRain_Hard_SP,0.585576728,WSU,93
153,HiRain_Hard_SP,0.599307901,WSU,102
154,HiRain_Hard_SP,0.624929634,WSU,93
155,HiRain_Hard_SP,0.682495795,WSU,119
156,HiRain_Hard_SP,0.759619704,WSU,119
157,HiRain_Hard_SP,0.744712341,WSU,111
158,HiRain_Hard_SP,0.727287467,WSU,116
159,HiRain_Hard_SP,0.762449214,WSU,116
160,HiRain_Hard_SP,0.65148313,WSU,119
161,HiRain_Hard_SP,0.637973326,WSU,80
162,HiRain_Hard_SP,0.763885929,WSU,123
163,HiRain_Hard_SP,0.746957043,WSU,121
164,HiRain_Hard_SP,0.66916741,WSU,129
165,HiRain_Hard_SP,0.744604716,WSU,124
166,HiRain_Hard_SP,0.687336751,WSU,127
167,HiRain_Hard_SP,0.734559477,WSU,112
168,HiRain_Hard_SP,0.761516058,WSU,124
169,HiRain_Hard_SP,0.741820321,WSU,93
170,HiRain_Hard_SP,0.728345318,WSU,118
171,HiRain_Hard_SP,0.75216525,WSU,126
172,HiRain_Hard_SP,0.716168276,WSU,128
173,HiRain_Hard_SP,0.661842501,WSU,123
174,HiRain_Hard_SP,0.691060015,WSU,130
175,HiRain_Hard_SP,0.760016028,WSU,129
176,HiRain_Hard_SP,0.709470444,WSU,120
177,HiRain_Hard_SP,0.683051855,WSU,128
178,HiRain_Hard_SP,0.682088811,WSU,135
179,HiRain_Hard_SP,0.755470708,WSU,129
180,HiRain_Hard_SP,0.730272541,WSU,113
181,HiRain_Hard_SP,0.696686081,WSU,111
182,HiRain_Hard_SP,0.690048297,WSU,131
183,HiRain_Hard_SP,0.682667034,WSU,107
184,HiRain_Hard_SP,0.699560837,WSU,109
185,HiRain_Hard_SP,0.688264097,WSU,110
186,HiRain_Hard_SP,0.663500382,WSU,119
187,HiRain_Hard_SP,0.646229981,WSU,117
188,HiRain_Hard_SP,0.644106888,WSU,124
189,HiRain_Hard_SP,0.726338543,WSU,123
190,HiRain_Hard_SP,0.74432309,WSU,93
191,HiRain_Hard_SP,0.797291726,WSU,96
192,HiRain_Hard_SP,0.737025207,WSU,119
193,HiRain_Hard_SP,0.735650678,WSU,118
194,HiRain_Hard_SP,0.73017282,WSU,118
195,HiRain_Hard_SP,0.746246086,WSU,103
196,HiRain_Hard_SP,0.728604314,WSU,123
197,HiRain_Hard_SP,0.601824389,WSU,103
198,HiRain_Hard_SP,0.626182999,WSU,93
199,HiRain_Hard_SP,0.626513305,WSU,107
200,HiRain_Hard_SP,0.641092117,WSU,100
201,HiRain_Hard_SP,0.720430935,WSU,113
202,HiRain_Hard_SP,0.638084697,WSU,111
203,HiRain_Hard_SP,0.645076904,WSU,105
204,HiRain_Hard_SP,0.711151793,WSU,115
205,HiRain_Hard_SP,0.713088744,WSU,103
206,HiRain_Hard_SP,0.667694817,WSU,108
207,HiRain_Hard_SP,0.662629772,WSU,100
208,HiRain_Hard_SP,0.686782766,WSU,100
209,HiRain_Hard_SP,0.668799077,WSU,96
210,HiRain_Hard_SP,0.671520609,WSU,84
211,HiRain_Hard_SP,0.573608078,WSU,71
212,HiRain_Hard_SP,0.679685598,WSU,91
213,HiRain_Hard_SP,0.666118084,WSU,94
214,HiRain_Hard_SP,0.672369003,WSU,102
215,HiRain_Hard_SP,0.701846057,WSU,99
216,HiRain_Hard_SP,0.731770421,WSU,101
217,HiRain_Hard_SP,0.741703286,WSU,103
218,HiRain_Hard_SP,0.683501264,WSU,115
219,HiRain_Hard_SP,0.707973867,WSU,109
220,HiRain_Hard_SP,0.661473957,WSU,110
221,HiRain_Hard_SP,0.625045806,WSU,90
222,HiRain_Hard_SP,0.499434185,WSU,75
223,HiRain_Hard_SP,0.566636002,WSU,84
224,HiRain_Hard_SP,0.580337662,WSU,84
225,HiRain_Hard_SP,0.614872796,WSU,92
226,HiRain_Hard_SP,0.625105831,WSU,92
227,HiRain_Hard_SP,0.5491782,WSU,91
228,HiRain_Hard_SP,0.60899562,WSU,101
229,HiRain_Hard_SP,0.586696438,WSU,101
230,HiRain_Hard_SP,0.599536593,WSU,99
231,HiRain_Hard_SP,0.701867531,WSU,104
232,HiRain_Hard_SP,0.689290392,WSU,119
233,HiRain_Hard_SP,0.670025824,WSU,109
234,HiRain_Hard_SP,0.669557904,WSU,104
235,HiRain_Hard_SP,0.641576501,WSU,97
236,HiRain_Hard_SP,0.601289381,WSU,102
237,HiRain_Hard_SP,0.612527967,WSU,99
238,HiRain_Hard_SP,0.619763291,WSU,95
239,HiRain_Hard_SP,0.760332195,WSU,97
1,HiRain_SWW_SP,0.514868603,WSU,62
2,HiRain_SWW_SP,0.546439817,WSU,68
3,HiRain_SWW_SP,0.669838607,WSU,90
4,HiRain_SWW_SP,0.603448059,WSU,77
5,HiRain_SWW_SP,0.55824998,WSU,68
6,HiRain_SWW_SP,0.542933202,WSU,69
7,HiRain_SWW_SP,0.573265865,WSU,67
8,HiRain_SWW_SP,0.601164667,WSU,72
9,HiRain_SWW_SP,0.575344422,WSU,75
10,HiRain_SWW_SP,0.622055467,WSU,83
11,HiRain_SWW_SP,0.617928176,WSU,87
12,HiRain_SWW_SP,0.630918044,WSU,86
13,HiRain_SWW_SP,0.55391397,WSU,72
14,HiRain_SWW_SP,0.6701414,WSU,60
15,HiRain_SWW_SP,0.62063522,WSU,57
16,HiRain_SWW_SP,0.650043605,WSU,82
17,HiRain_SWW_SP,0.687106049,WSU,103
18,HiRain_SWW_SP,0.646773984,WSU,90
19,HiRain_SWW_SP,0.637413687,WSU,90
20,HiRain_SWW_SP,0.589186146,WSU,83
21,HiRain_SWW_SP,0.649251883,WSU,95
22,HiRain_SWW_SP,0.54692701,WSU,83
23,HiRain_SWW_SP,0.631216898,WSU,94
24,HiRain_SWW_SP,0.56229224,WSU,73
25,HiRain_SWW_SP,0.624268193,WSU,80
26,HiRain_SWW_SP,0.61640117,WSU,83
27,HiRain_SWW_SP,0.554748922,WSU,79
28,HiRain_SWW_SP,0.611600508,WSU,86
29,HiRain_SWW_SP,0.686511923,WSU,104
30,HiRain_SWW_SP,0.599734057,WSU,91
31,HiRain_SWW_SP,0.65978231,WSU,95
32,HiRain_SWW_SP,0.655175775,WSU,87
33,HiRain_SWW_SP,0.628170549,WSU,89
34,HiRain_SWW_SP,0.62938495,WSU,85
35,HiRain_SWW_SP,0.629424501,WSU,89
36,HiRain_SWW_SP,0.633396148,WSU,87
37,HiRain_SWW_SP,0.594827435,WSU,65
38,HiRain_SWW_SP,0.644303284,WSU,81
39,HiRain_SWW_SP,0.676424701,WSU,94
40,HiRain_SWW_SP,0.746563568,WSU,100
41,HiRain_SWW_SP,0.704793056,WSU,105
42,HiRain_SWW_SP,0.704759959,WSU,68
43,HiRain_SWW_SP,0.665867124,WSU,67
44,HiRain_SWW_SP,0.703443875,WSU,109
45,HiRain_SWW_SP,0.632160355,WSU,90
46,HiRain_SWW_SP,0.683306165,WSU,105
47,HiRain_SWW_SP,0.612512654,WSU,95
48,HiRain_SWW_SP,0.642936932,WSU,93
49,HiRain_SWW_SP,0.675229356,WSU,103
50,HiRain_SWW_SP,0.665032048,WSU,96
51,HiRain_SWW_SP,0.502733959,WSU,90
52,HiRain_SWW_SP,0.63834007,WSU,92
53,HiRain_SWW_SP,0.554954521,WSU,74
54,HiRain_SWW_SP,0.604654862,WSU,84
55,HiRain_SWW_SP,0.646563269,WSU,89
56,HiRain_SWW_SP,0.65009637,WSU,87
57,HiRain_SWW_SP,0.610458858,WSU,83
58,HiRain_SWW_SP,0.630737524,WSU,94
59,HiRain_SWW_SP,0.605317338,WSU,88
60,HiRain_SWW_SP,0.652087114,WSU,93
61,HiRain_SWW_SP,0.578535384,WSU,77
62,HiRain_SWW_SP,0.697457863,WSU,99
63,HiRain_SWW_SP,0.666831818,WSU,98
64,HiRain_SWW_SP,0.666756716,WSU,103
65,HiRain_SWW_SP,0.611916133,WSU,90
66,HiRain_SWW_SP,0.66435186,WSU,102
67,HiRain_SWW_SP,0.538488046,WSU,59
68,HiRain_SWW_SP,0.596663696,WSU,63
69,HiRain_SWW_SP,0.693762558,WSU,105
70,HiRain_SWW_SP,0.697688449,WSU,80
71,HiRain_SWW_SP,0.657339155,WSU,92
72,HiRain_SWW_SP,0.632231583,WSU,73
73,HiRain_SWW_SP,0.577783372,WSU,76
74,HiRain_SWW_SP,0.533681014,WSU,61
75,HiRain_SWW_SP,0.538755139,WSU,71
76,HiRain_SWW_SP,0.52694688,WSU,41
77,HiRain_SWW_SP,0.643538928,WSU,89
78,HiRain_SWW_SP,0.570818261,WSU,86
79,HiRain_SWW_SP,0.556250644,WSU,88
80,HiRain_SWW_SP,0.599188846,WSU,91
81,HiRain_SWW_SP,0.691166685,WSU,108
82,HiRain_SWW_SP,0.570731218,WSU,75
83,HiRain_SWW_SP,0.5557195,WSU,61
84,HiRain_SWW_SP,0.567097326,WSU,62
85,HiRain_SWW_SP,0.6758051,WSU,89
86,HiRain_SWW_SP,0.560780693,WSU,93
87,HiRain_SWW_SP,0.565131576,WSU,101
88,HiRain_SWW_SP,0.547536511,WSU,95
89,HiRain_SWW_SP,0.548943471,WSU,79
90,HiRain_SWW_SP,0.57855872,WSU,89
91,HiRain_SWW_SP,0.690244962,WSU,104
92,HiRain_SWW_SP,0.66737337,WSU,92
93,HiRain_SWW_SP,0.527471943,WSU,85
94,HiRain_SWW_SP,0.612218758,WSU,86
95,HiRain_SWW_SP,0.521227809,WSU,102
96,HiRain_SWW_SP,0.515952634,WSU,88
97,HiRain_SWW_SP,0.551540961,WSU,94
98,HiRain_SWW_SP,0.60969753,WSU,89
99,HiRain_SWW_SP,0.556615737,WSU,68
100,HiRain_SWW_SP,0.590113107,WSU,83
101,HiRain_SWW_SP,0.610550374,WSU,98
102,HiRain_SWW_SP,0.54387124,WSU,85
103,HiRain_SWW_SP,0.555194884,WSU,86
104,HiRain_SWW_SP,0.532036426,WSU,80
105,HiRain_SWW_SP,0.408139784,WSU,67
106,HiRain_SWW_SP,0.390155662,WSU,56
107,HiRain_SWW_SP,0.492688488,WSU,40
108,HiRain_SWW_SP,0.45690712,WSU,65
109,HiRain_SWW_SP,0.492468541,WSU,72
110,HiRain_SWW_SP,0.543015385,WSU,77
111,HiRain_SWW_SP,0.514547144,WSU,91
112,HiRain_SWW_SP,0.67594041,WSU,84
113,HiRain_SWW_SP,0.65497139,WSU,96
114,HiRain_SWW_SP,0.651321034,WSU,87
115,HiRain_SWW_SP,0.590897449,WSU,95
116,HiRain_SWW_SP,0.536268096,WSU,91
117,HiRain_SWW_SP,0.460014672,WSU,83
118,HiRain_SWW_SP,0.460869022,WSU,80
119,HiRain_SWW_SP,0.513314443,WSU,73
120,HiRain_SWW_SP,0.536261862,WSU,80
121,HiRain_SWW_SP,0.540595037,WSU,78
122,HiRain_SWW_SP,0.573696521,WSU,100
123,HiRain_SWW_SP,0.544710763,WSU,75
124,HiRain_SWW_SP,0.649729741,WSU,92
125,HiRain_SWW_SP,0.537431384,WSU,74
126,HiRain_SWW_SP,0.616042487,WSU,78
127,HiRain_SWW_SP,0.646247443,WSU,101
128,HiRain_SWW_SP,0.587386139,WSU,91
129,HiRain_SWW_SP,0.622798154,WSU,104
130,HiRain_SWW_SP,0.63083533,WSU,91
131,HiRain_SWW_SP,0.612899005,WSU,106
132,HiRain_SWW_SP,0.634680937,WSU,88
133,HiRain_SWW_SP,0.622981009,WSU,93
134,HiRain_SWW_SP,0.551258955,WSU,80
135,HiRain_SWW_SP,0.575696975,WSU,86
136,HiRain_SWW_SP,0.563151403,WSU,94
137,HiRain_SWW_SP,0.588673078,WSU,100
138,HiRain_SWW_SP,0.612308508,WSU,95
139,HiRain_SWW_SP,0.458859283,WSU,79
140,HiRain_SWW_SP,0.436645457,WSU,79
141,HiRain_SWW_SP,0.612855878,WSU,94
142,HiRain_SWW_SP,0.581815693,WSU,92
143,HiRain_SWW_SP,0.599484074,WSU,106
144,HiRain_SWW_SP,0.600058857,WSU,94
145,HiRain_SWW_SP,0.644878565,WSU,99
146,HiRain_SWW_SP,0.671676004,WSU,101
147,HiRain_SWW_SP,0.639750853,WSU,91
148,HiRain_SWW_SP,0.638387121,WSU,92
149,HiRain_SWW_SP,0.623893308,WSU,90
150,HiRain_SWW_SP,0.674698026,WSU,102
151,HiRain_SWW_SP,0.724175862,WSU,110
152,HiRain_SWW_SP,0.628612993,WSU,106
153,HiRain_SWW_SP,0.670968771,WSU,98
154,HiRain_SWW_SP,0.66270688,WSU,106
155,HiRain_SWW_SP,0.690605787,WSU,117
156,HiRain_SWW_SP,0.694086971,WSU,111
157,HiRain_SWW_SP,0.728106778,WSU,112
158,HiRain_SWW_SP,0.651612145,WSU,109
159,HiRain_SWW_SP,0.65666735,WSU,111
160,HiRain_SWW_SP,0.599596597,WSU,83
161,HiRain_SWW_SP,0.70772543,WSU,112
162,HiRain_SWW_SP,0.594053196,WSU,93
163,HiRain_SWW_SP,0.556437028,WSU,91
164,HiRain_SWW_SP,0.635262116,WSU,92
165,HiRain_SWW_SP,0.60696855,WSU,88
166,HiRain_SWW_SP,0.535175601,WSU,79
167,HiRain_SWW_SP,0.558416265,WSU,74
168,HiRain_SWW_SP,0.487122462,WSU,77
169,HiRain_SWW_SP,0.684688927,WSU,115
170,HiRain_SWW_SP,0.66214925,WSU,99
171,HiRain_SWW_SP,0.534938655,WSU,106
172,HiRain_SWW_SP,0.666765488,WSU,109
173,HiRain_SWW_SP,0.676653241,WSU,103
174,HiRain_SWW_SP,0.648252901,WSU,113
175,HiRain_SWW_SP,0.625280001,WSU,92
176,HiRain_SWW_SP,0.682425393,WSU,118
177,HiRain_SWW_SP,0.624065233,WSU,100
178,HiRain_SWW_SP,0.665419381,WSU,120
179,HiRain_SWW_SP,0.698052269,WSU,118
180,HiRain_SWW_SP,0.728351606,WSU,122
181,HiRain_SWW_SP,0.687214334,WSU,117
182,HiRain_SWW_SP,0.693353974,WSU,127
183,HiRain_SWW_SP,0.748619558,WSU,133
184,HiRain_SWW_SP,0.719192599,WSU,129
185,HiRain_SWW_SP,0.741520294,WSU,136
186,HiRain_SWW_SP,0.731697511,WSU,127
187,HiRain_SWW_SP,0.715256924,WSU,125
188,HiRain_SWW_SP,0.734391115,WSU,111
189,HiRain_SWW_SP,0.726977787,WSU,115
190,HiRain_SWW_SP,0.707016947,WSU,111
191,HiRain_SWW_SP,0.704208144,WSU,113
192,HiRain_SWW_SP,0.713069826,WSU,109
193,HiRain_SWW_SP,0.656602716,WSU,124
194,HiRain_SWW_SP,0.732434124,WSU,111
195,HiRain_SWW_SP,0.680045864,WSU,108
196,HiRain_SWW_SP,0.605977749,WSU,103
197,HiRain_SWW_SP,0.629901699,WSU,110
198,HiRain_SWW_SP,0.683745633,WSU,106
199,HiRain_SWW_SP,0.707825019,WSU,109
200,HiRain_SWW_SP,0.685701102,WSU,103
201,HiRain_SWW_SP,0.757792813,WSU,121
202,HiRain_SWW_SP,0.740918472,WSU,114
203,HiRain_SWW_SP,0.686269929,WSU,108
204,HiRain_SWW_SP,0.703741498,WSU,114
205,HiRain_SWW_SP,0.733516107,WSU,116
206,HiRain_SWW_SP,0.749821877,WSU,117
207,HiRain_SWW_SP,0.770299568,WSU,128
208,HiRain_SWW_SP,0.715302822,WSU,129
209,HiRain_SWW_SP,0.773253584,WSU,128
210,HiRain_SWW_SP,0.642403816,WSU,96
211,HiRain_SWW_SP,0.718324473,WSU,116
212,HiRain_SWW_SP,0.692836073,WSU,99
213,HiRain_SWW_SP,0.614002245,WSU,86
214,HiRain_SWW_SP,0.659221868,WSU,100
215,HiRain_SWW_SP,0.704105217,WSU,111
216,HiRain_SWW_SP,0.645036702,WSU,97
217,HiRain_SWW_SP,0.644235703,WSU,102
218,HiRain_SWW_SP,0.615823551,WSU,84
219,HiRain_SWW_SP,0.614898515,WSU,85
220,HiRain_SWW_SP,0.568271925,WSU,91
221,HiRain_SWW_SP,0.627309411,WSU,94
222,HiRain_SWW_SP,0.558669598,WSU,74
223,HiRain_SWW_SP,0.530909399,WSU,82
224,HiRain_SWW_SP,0.545708405,WSU,78
225,HiRain_SWW_SP,0.594611455,WSU,92
226,HiRain_SWW_SP,0.616076228,WSU,88
227,HiRain_SWW_SP,0.563679426,WSU,94
228,HiRain_SWW_SP,0.581395403,WSU,90
229,HiRain_SWW_SP,0.579737079,WSU,76
230,HiRain_SWW_SP,0.614044076,WSU,95
231,HiRain_SWW_SP,0.490488892,WSU,93
232,HiRain_SWW_SP,0.719175796,WSU,97
233,HiRain_SWW_SP,0.684649992,WSU,98
234,HiRain_SWW_SP,0.732417616,WSU,96
235,HiRain_SWW_SP,0.737551094,WSU,104
236,HiRain_SWW_SP,0.68430875,WSU,108
237,HiRain_SWW_SP,0.6520107,WSU,93
238,HiRain_SWW_SP,0.669505309,WSU,96
239,HiRain_SWW_SP,0.681725942,WSU,86
240,HiRain_SWW_SP,0.721064306,WSU,97
241,HiRain_SWW_SP,0.644870296,WSU,87
242,HiRain_SWW_SP,0.745117327,WSU,88
243,HiRain_SWW_SP,0.526440019,WSU,71
244,HiRain_SWW_SP,0.710621512,WSU,81
245,HiRain_SWW_SP,0.684327659,WSU,86
246,HiRain_SWW_SP,0.678168869,WSU,83
247,HiRain_SWW_SP,0.670780783,WSU,85
248,HiRain_SWW_SP,0.673190611,WSU,90
249,HiRain_SWW_SP,0.609381589,WSU,78
250,HiRain_SWW_SP,0.669596484,WSU,98
1,Metribuzin_Trail_NoSpray,0.700872797,WSU,119
2,Metribuzin_Trail_NoSpray,0.725018829,WSU,119
3,Metribuzin_Trail_NoSpray,0.750275085,WSU,120
4,Metribuzin_Trail_NoSpray,0.801280757,WSU,127
5,Metribuzin_Trail_NoSpray,0.722979493,WSU,115
6,Metribuzin_Trail_NoSpray,0.775020499,WSU,129
7,Metribuzin_Trail_NoSpray,0.768937834,WSU,120
8,Metribuzin_Trail_NoSpray,0.76423033,WSU,133
9,Metribuzin_Trail_NoSpray,0.775506136,WSU,119
10,Metribuzin_Trail_NoSpray,0.762015052,WSU,109
11,Metribuzin_Trail_NoSpray,0.727299251,WSU,98
12,Metribuzin_Trail_NoSpray,0.736123109,WSU,91
13,Metribuzin_Trail_NoSpray,0.758038535,WSU,100
14,Metribuzin_Trail_NoSpray,0.684536356,WSU,104
15,Metribuzin_Trail_NoSpray,0.735443426,WSU,104
16,Metribuzin_Trail_NoSpray,0.730449981,WSU,112
17,Metribuzin_Trail_NoSpray,0.740748909,WSU,80
18,Metribuzin_Trail_NoSpray,0.614869039,WSU,84
19,Metribuzin_Trail_NoSpray,0.661486702,WSU,87
20,Metribuzin_Trail_NoSpray,0.709393091,WSU,83
21,Metribuzin_Trail_NoSpray,0.735918398,WSU,105
22,Metribuzin_Trail_NoSpray,0.75132115,WSU,101
23,Metribuzin_Trail_NoSpray,0.615302288,WSU,86
24,Metribuzin_Trail_NoSpray,0.727134103,WSU,91
25,Metribuzin_Trail_NoSpray,0.659090126,WSU,86
26,Metribuzin_Trail_NoSpray,0.711459964,WSU,84
27,Metribuzin_Trail_NoSpray,0.734204053,WSU,95
28,Metribuzin_Trail_NoSpray,0.760684969,WSU,89
29,Metribuzin_Trail_NoSpray,0.646114209,WSU,91
30,Metribuzin_Trail_NoSpray,0.749930189,WSU,87
31,Metribuzin_Trail_NoSpray,0.678689047,WSU,82
32,Metribuzin_Trail_NoSpray,0.718309494,WSU,105
33,Metribuzin_Trail_NoSpray,0.736178905,WSU,101
34,Metribuzin_Trail_NoSpray,0.760236047,WSU,102
35,Metribuzin_Trail_NoSpray,0.750507108,WSU,96
36,Metribuzin_Trail_NoSpray,0.717109075,WSU,95
1,Metribuzin_Trial_Spray,0.611215418,WSU,102
2,Metribuzin_Trial_Spray,0.628910845,WSU,94
3,Metribuzin_Trial_Spray,0.715388628,WSU,110
4,Metribuzin_Trial_Spray,0.679480926,WSU,105
5,Metribuzin_Trial_Spray,0.635555903,WSU,75
6,Metribuzin_Trial_Spray,0.694192036,WSU,92
7,Metribuzin_Trial_Spray,0.711424777,WSU,91
8,Metribuzin_Trial_Spray,0.681080708,WSU,102
9,Metribuzin_Trial_Spray,0.706626728,WSU,106
10,Metribuzin_Trial_Spray,0.702039981,WSU,104
11,Metribuzin_Trial_Spray,0.728198204,WSU,104
12,Metribuzin_Trial_Spray,0.730517732,WSU,104
13,Metribuzin_Trial_Spray,0.74633627,WSU,109
14,Metribuzin_Trial_Spray,0.638602781,WSU,102
15,Metribuzin_Trial_Spray,0.711309645,WSU,111
16,Metribuzin_Trial_Spray,0.730785493,WSU,118
17,Metribuzin_Trial_Spray,0.734000993,WSU,61
18,Metribuzin_Trial_Spray,0.583739419,WSU,80
19,Metribuzin_Trial_Spray,0.636129935,WSU,86
20,Metribuzin_Trial_Spray,0.709763667,WSU,91
21,Metribuzin_Trial_Spray,0.711767338,WSU,97
22,Metribuzin_Trial_Spray,0.718111214,WSU,99
23,Metribuzin_Trial_Spray,0.594007362,WSU,90
24,Metribuzin_Trial_Spray,0.719297386,WSU,106
25,Metribuzin_Trial_Spray,0.64062898,WSU,80
26,Metribuzin_Trial_Spray,0.716215063,WSU,85
27,Metribuzin_Trial_Spray,0.720151626,WSU,85
28,Metribuzin_Trial_Spray,0.743253483,WSU,87
29,Metribuzin_Trial_Spray,0.629122198,WSU,79
30,Metribuzin_Trial_Spray,0.749894486,WSU,71
31,Metribuzin_Trial_Spray,0.712101724,WSU,79
32,Metribuzin_Trial_Spray,0.695105731,WSU,88
33,Metribuzin_Trial_Spray,0.694894974,WSU,91
34,Metribuzin_Trial_Spray,0.720723563,WSU,94
35,Metribuzin_Trial_Spray,0.739604661,WSU,97
36,Metribuzin_Trial_Spray,0.699993518,WSU,90
