id,Details,NDRE,PLATFORM,Yield
1,HiRain_Hard_SP,0.115094226,TAMU,74
2,HiRain_Hard_SP,0.139261676,TAMU,30
3,HiRain_Hard_SP,0.187232944,TAMU,94
4,HiRain_Hard_SP,0.161460289,TAMU,87
5,HiRain_Hard_SP,0.179731991,TAMU,89
6,HiRain_Hard_SP,0.111372137,TAMU,86
7,HiRain_Hard_SP,0.13576924,TAMU,78
8,HiRain_Hard_SP,0.129685941,TAMU,92
9,HiRain_Hard_SP,0.204825953,TAMU,113
10,HiRain_Hard_SP,0.209766486,TAMU,88
11,HiRain_Hard_SP,0.114005013,TAMU,71
12,HiRain_Hard_SP,0.219189269,TAMU,103
13,HiRain_Hard_SP,0.215632718,TAMU,106
14,HiRain_Hard_SP,0.22814961,TAMU,106
15,HiRain_Hard_SP,0.261613412,TAMU,124
16,HiRain_Hard_SP,0.2387926,TAMU,117
17,HiRain_Hard_SP,0.173525429,TAMU,111
18,HiRain_Hard_SP,0.184613964,TAMU,120
19,HiRain_Hard_SP,0.197023369,TAMU,117
20,HiRain_Hard_SP,0.200148289,TAMU,127
21,HiRain_Hard_SP,0.193679523,TAMU,117
22,HiRain_Hard_SP,0.216035219,TAMU,102
23,HiRain_Hard_SP,0.186066364,TAMU,119
24,HiRain_Hard_SP,0.215528226,TAMU,109
25,HiRain_Hard_SP,0.20532678,TAMU,107
26,HiRain_Hard_SP,0.197779069,TAMU,98
27,HiRain_Hard_SP,0.182226918,TAMU,108
28,HiRain_Hard_SP,0.206497589,TAMU,96
29,HiRain_Hard_SP,0.215744851,TAMU,107
30,HiRain_Hard_SP,0.251335262,TAMU,105
31,HiRain_Hard_SP,0.21705881,TAMU,100
32,HiRain_Hard_SP,0.222104425,TAMU,92
33,HiRain_Hard_SP,0.241259392,TAMU,103
34,HiRain_Hard_SP,0.258471614,TAMU,104
35,HiRain_Hard_SP,0.246554267,TAMU,101
36,HiRain_Hard_SP,0.25519735,TAMU,108
37,HiRain_Hard_SP,0.240498768,TAMU,94
38,HiRain_Hard_SP,0.264338956,TAMU,107
39,HiRain_Hard_SP,0.237053193,TAMU,101
40,HiRain_Hard_SP,0.232873685,TAMU,100
41,HiRain_Hard_SP,0.269058334,TAMU,92
42,HiRain_Hard_SP,0.257179605,TAMU,98
43,HiRain_Hard_SP,0.279727893,TAMU,129
44,HiRain_Hard_SP,0.274457059,TAMU,121
45,HiRain_Hard_SP,0.272149862,TAMU,127
46,HiRain_Hard_SP,0.260637623,TAMU,123
47,HiRain_Hard_SP,0.301804526,TAMU,133
48,HiRain_Hard_SP,0.258145517,TAMU,124
49,HiRain_Hard_SP,0.214494703,TAMU,105
50,HiRain_Hard_SP,0.276918236,TAMU,121
51,HiRain_Hard_SP,0.254790934,TAMU,127
52,HiRain_Hard_SP,0.240866909,TAMU,115
53,HiRain_Hard_SP,0.226179297,TAMU,115
54,HiRain_Hard_SP,0.251950751,TAMU,122
55,HiRain_Hard_SP,0.216544566,TAMU,109
56,HiRain_Hard_SP,0.223617636,TAMU,117
57,HiRain_Hard_SP,0.271889994,TAMU,108
58,HiRain_Hard_SP,0.282035944,TAMU,109
59,HiRain_Hard_SP,0.276911623,TAMU,110
60,HiRain_Hard_SP,0.273405598,TAMU,107
61,HiRain_Hard_SP,0.207705674,TAMU,93
62,HiRain_Hard_SP,0.268032924,TAMU,111
63,HiRain_Hard_SP,0.277492354,TAMU,108
64,HiRain_Hard_SP,0.256098052,TAMU,111
65,HiRain_Hard_SP,0.275071206,TAMU,114
66,HiRain_Hard_SP,0.290265891,TAMU,116
67,HiRain_Hard_SP,0.256118656,TAMU,105
68,HiRain_Hard_SP,0.205835388,TAMU,100
69,HiRain_Hard_SP,0.239800726,TAMU,107
70,HiRain_Hard_SP,0.243302044,TAMU,111
71,HiRain_Hard_SP,0.039008479,TAMU,81
72,HiRain_Hard_SP,0.084096164,TAMU,78
73,HiRain_Hard_SP,0.043522248,TAMU,83
74,HiRain_Hard_SP,0.166166173,TAMU,90
75,HiRain_Hard_SP,0.16650687,TAMU,107
76,HiRain_Hard_SP,0.189199638,TAMU,109
77,HiRain_Hard_SP,0.235065225,TAMU,136
78,HiRain_Hard_SP,0.25249231,TAMU,103
79,HiRain_Hard_SP,0.185529598,TAMU,118
80,HiRain_Hard_SP,0.171256111,TAMU,106
81,HiRain_Hard_SP,0.192524749,TAMU,108
82,HiRain_Hard_SP,0.236725861,TAMU,126
83,HiRain_Hard_SP,0.252385136,TAMU,117
84,HiRain_Hard_SP,0.274045187,TAMU,115
85,HiRain_Hard_SP,0.245701903,TAMU,107
86,HiRain_Hard_SP,0.222781877,TAMU,106
87,HiRain_Hard_SP,0.219957018,TAMU,97
88,HiRain_Hard_SP,0.259806143,TAMU,103
89,HiRain_Hard_SP,0.23038749,TAMU,98
90,HiRain_Hard_SP,0.253782533,TAMU,95
91,HiRain_Hard_SP,0.214316992,TAMU,83
92,HiRain_Hard_SP,0.091822909,TAMU,87
93,HiRain_Hard_SP,0.103155869,TAMU,81
94,HiRain_Hard_SP,0.148849003,TAMU,96
95,HiRain_Hard_SP,0.075604607,TAMU,84
96,HiRain_Hard_SP,-0.0077603,TAMU,70
97,HiRain_Hard_SP,-0.026376581,TAMU,54
98,HiRain_Hard_SP,0.01847428,TAMU,70
99,HiRain_Hard_SP,0.056329336,TAMU,74
100,HiRain_Hard_SP,0.025850006,TAMU,67
101,HiRain_Hard_SP,0.001230693,TAMU,73
102,HiRain_Hard_SP,-0.002161001,TAMU,72
103,HiRain_Hard_SP,0.026631745,TAMU,77
104,HiRain_Hard_SP,0.055987613,TAMU,75
105,HiRain_Hard_SP,-0.003361258,TAMU,72
106,HiRain_Hard_SP,-0.017399873,TAMU,70
107,HiRain_Hard_SP,0.095842156,TAMU,89
108,HiRain_Hard_SP,0.064971386,TAMU,88
109,HiRain_Hard_SP,0.065650306,TAMU,87
110,HiRain_Hard_SP,0.104788118,TAMU,94
111,HiRain_Hard_SP,0.07426243,TAMU,78
112,HiRain_Hard_SP,0.141800604,TAMU,110
113,HiRain_Hard_SP,0.205819481,TAMU,97
114,HiRain_Hard_SP,0.121049861,TAMU,89
115,HiRain_Hard_SP,0.203162035,TAMU,84
116,HiRain_Hard_SP,0.135574854,TAMU,81
117,HiRain_Hard_SP,0.104706549,TAMU,76
118,HiRain_Hard_SP,0.088833655,TAMU,76
119,HiRain_Hard_SP,0.097644094,TAMU,71
120,HiRain_Hard_SP,0.004671499,TAMU,56
121,HiRain_Hard_SP,0.037153354,TAMU,77
122,HiRain_Hard_SP,0.000313758,TAMU,74
123,HiRain_Hard_SP,0.056517794,TAMU,63
124,HiRain_Hard_SP,0.082479407,TAMU,63
125,HiRain_Hard_SP,0.107554098,TAMU,79
126,HiRain_Hard_SP,0.160258819,TAMU,88
127,HiRain_Hard_SP,0.238787237,TAMU,102
128,HiRain_Hard_SP,0.208128643,TAMU,100
129,HiRain_Hard_SP,0.184304796,TAMU,96
130,HiRain_Hard_SP,0.147785996,TAMU,97
131,HiRain_Hard_SP,0.212543032,TAMU,99
132,HiRain_Hard_SP,0.215898659,TAMU,118
133,HiRain_Hard_SP,0.245457266,TAMU,118
134,HiRain_Hard_SP,0.328766394,TAMU,118
135,HiRain_Hard_SP,0.302980789,TAMU,115
136,HiRain_Hard_SP,0.260107891,TAMU,120
137,HiRain_Hard_SP,0.274642958,TAMU,116
138,HiRain_Hard_SP,0.263171725,TAMU,112
139,HiRain_Hard_SP,0.245317227,TAMU,102
140,HiRain_Hard_SP,0.24890702,TAMU,107
141,HiRain_Hard_SP,0.275143353,TAMU,97
142,HiRain_Hard_SP,0.271669357,TAMU,105
143,HiRain_Hard_SP,0.264070097,TAMU,114
144,HiRain_Hard_SP,0.276000171,TAMU,119
145,HiRain_Hard_SP,0.303582969,TAMU,124
146,HiRain_Hard_SP,0.265063658,TAMU,117
147,HiRain_Hard_SP,0.301440665,TAMU,125
148,HiRain_Hard_SP,0.284936371,TAMU,120
149,HiRain_Hard_SP,0.269120221,TAMU,110
150,HiRain_Hard_SP,0.24523749,TAMU,98
151,HiRain_Hard_SP,0.229681919,TAMU,103
152,HiRain_Hard_SP,0.164451096,TAMU,93
153,HiRain_Hard_SP,0.17855813,TAMU,102
154,HiRain_Hard_SP,0.160032313,TAMU,93
155,HiRain_Hard_SP,0.258739851,TAMU,119
156,HiRain_Hard_SP,0.291394466,TAMU,119
157,HiRain_Hard_SP,0.292028626,TAMU,111
158,HiRain_Hard_SP,0.298335454,TAMU,116
159,HiRain_Hard_SP,0.318683574,TAMU,116
160,HiRain_Hard_SP,0.231593247,TAMU,119
161,HiRain_Hard_SP,0.08369716,TAMU,80
162,HiRain_Hard_SP,0.307366563,TAMU,123
163,HiRain_Hard_SP,0.283720314,TAMU,121
164,HiRain_Hard_SP,0.266883174,TAMU,129
165,HiRain_Hard_SP,0.28551219,TAMU,124
166,HiRain_Hard_SP,0.235522979,TAMU,127
167,HiRain_Hard_SP,0.253016278,TAMU,112
168,HiRain_Hard_SP,0.297415781,TAMU,124
169,HiRain_Hard_SP,0.24452815,TAMU,93
170,HiRain_Hard_SP,0.258281704,TAMU,118
171,HiRain_Hard_SP,0.266061597,TAMU,126
172,HiRain_Hard_SP,0.252620404,TAMU,128
173,HiRain_Hard_SP,0.220211347,TAMU,123
174,HiRain_Hard_SP,0.28301239,TAMU,130
175,HiRain_Hard_SP,0.308943756,TAMU,129
176,HiRain_Hard_SP,0.293196413,TAMU,120
177,HiRain_Hard_SP,0.288110327,TAMU,128
178,HiRain_Hard_SP,0.269165875,TAMU,135
179,HiRain_Hard_SP,0.284255958,TAMU,129
180,HiRain_Hard_SP,0.25818698,TAMU,113
181,HiRain_Hard_SP,0.224915726,TAMU,111
182,HiRain_Hard_SP,0.244249766,TAMU,131
183,HiRain_Hard_SP,0.223424705,TAMU,107
184,HiRain_Hard_SP,0.231979297,TAMU,109
185,HiRain_Hard_SP,0.221279935,TAMU,110
186,HiRain_Hard_SP,0.214137226,TAMU,119
187,HiRain_Hard_SP,0.20119847,TAMU,117
188,HiRain_Hard_SP,0.206140024,TAMU,124
189,HiRain_Hard_SP,0.277617435,TAMU,123
190,HiRain_Hard_SP,0.270645139,TAMU,93
191,HiRain_Hard_SP,0.27773882,TAMU,96
192,HiRain_Hard_SP,0.274770588,TAMU,119
193,HiRain_Hard_SP,0.27023571,TAMU,118
194,HiRain_Hard_SP,0.264888071,TAMU,118
195,HiRain_Hard_SP,0.283923096,TAMU,103
196,HiRain_Hard_SP,0.276549385,TAMU,123
197,HiRain_Hard_SP,0.18158663,TAMU,103
198,HiRain_Hard_SP,0.18780204,TAMU,93
199,HiRain_Hard_SP,0.177330654,TAMU,107
2000,HiRain_Hard_SP,0.201545635,TAMU,100
201,HiRain_Hard_SP,0.215910023,TAMU,113
202,HiRain_Hard_SP,0.219960895,TAMU,111
203,HiRain_Hard_SP,0.201047715,TAMU,105
204,HiRain_Hard_SP,0.23117816,TAMU,115
205,HiRain_Hard_SP,0.266263653,TAMU,103
206,HiRain_Hard_SP,0.232011635,TAMU,108
207,HiRain_Hard_SP,0.199296299,TAMU,100
208,HiRain_Hard_SP,0.202387065,TAMU,100
209,HiRain_Hard_SP,0.213518607,TAMU,96
210,HiRain_Hard_SP,0.17468146,TAMU,84
211,HiRain_Hard_SP,0.046909107,TAMU,71
212,HiRain_Hard_SP,0.19168659,TAMU,91
213,HiRain_Hard_SP,0.189324387,TAMU,94
214,HiRain_Hard_SP,0.204414131,TAMU,102
215,HiRain_Hard_SP,0.215674977,TAMU,99
216,HiRain_Hard_SP,0.254965988,TAMU,101
217,HiRain_Hard_SP,0.250753081,TAMU,103
218,HiRain_Hard_SP,0.22015866,TAMU,115
219,HiRain_Hard_SP,0.249943297,TAMU,109
220,HiRain_Hard_SP,0.225059394,TAMU,110
221,HiRain_Hard_SP,0.153909066,TAMU,90
222,HiRain_Hard_SP,0.087361629,TAMU,75
223,HiRain_Hard_SP,0.134453705,TAMU,84
224,HiRain_Hard_SP,0.184384876,TAMU,84
225,HiRain_Hard_SP,0.193276926,TAMU,92
226,HiRain_Hard_SP,0.187138856,TAMU,92
227,HiRain_Hard_SP,0.163124476,TAMU,91
228,HiRain_Hard_SP,0.160079787,TAMU,101
229,HiRain_Hard_SP,0.16491828,TAMU,101
230,HiRain_Hard_SP,0.150623946,TAMU,99
231,HiRain_Hard_SP,0.228457133,TAMU,104
232,HiRain_Hard_SP,0.23573246,TAMU,119
233,HiRain_Hard_SP,0.221546313,TAMU,109
234,HiRain_Hard_SP,0.220812578,TAMU,104
235,HiRain_Hard_SP,0.176626348,TAMU,97
236,HiRain_Hard_SP,0.160591735,TAMU,102
237,HiRain_Hard_SP,0.162240407,TAMU,99
238,HiRain_Hard_SP,0.177861925,TAMU,95
239,HiRain_Hard_SP,0.233829814,TAMU,97
1,HiRain_SWW_SP,0.135776437,TAMU,62
2,HiRain_SWW_SP,0.165608989,TAMU,68
3,HiRain_SWW_SP,0.253120355,TAMU,90
4,HiRain_SWW_SP,0.230102882,TAMU,77
5,HiRain_SWW_SP,0.202120524,TAMU,68
6,HiRain_SWW_SP,0.165871281,TAMU,69
7,HiRain_SWW_SP,0.18788676,TAMU,67
8,HiRain_SWW_SP,0.205385694,TAMU,72
9,HiRain_SWW_SP,0.189520437,TAMU,75
10,HiRain_SWW_SP,0.227921535,TAMU,83
11,HiRain_SWW_SP,0.171265484,TAMU,87
12,HiRain_SWW_SP,0.22497546,TAMU,86
13,HiRain_SWW_SP,0.163157542,TAMU,72
14,HiRain_SWW_SP,0.215974393,TAMU,60
15,HiRain_SWW_SP,0.215205184,TAMU,57
16,HiRain_SWW_SP,0.2029685,TAMU,82
17,HiRain_SWW_SP,0.234621235,TAMU,103
18,HiRain_SWW_SP,0.223125169,TAMU,90
19,HiRain_SWW_SP,0.213726829,TAMU,90
20,HiRain_SWW_SP,0.179334857,TAMU,83
21,HiRain_SWW_SP,0.224086204,TAMU,95
22,HiRain_SWW_SP,0.140224807,TAMU,83
23,HiRain_SWW_SP,0.183847174,TAMU,94
24,HiRain_SWW_SP,0.146592937,TAMU,73
25,HiRain_SWW_SP,0.19933886,TAMU,80
26,HiRain_SWW_SP,0.195343559,TAMU,83
27,HiRain_SWW_SP,0.15719198,TAMU,79
28,HiRain_SWW_SP,0.201945929,TAMU,86
29,HiRain_SWW_SP,0.295855726,TAMU,104
30,HiRain_SWW_SP,0.222249645,TAMU,91
31,HiRain_SWW_SP,0.26571975,TAMU,95
32,HiRain_SWW_SP,0.240204503,TAMU,87
33,HiRain_SWW_SP,0.214420848,TAMU,89
34,HiRain_SWW_SP,0.210520086,TAMU,85
35,HiRain_SWW_SP,0.209710431,TAMU,89
36,HiRain_SWW_SP,0.203708733,TAMU,87
37,HiRain_SWW_SP,0.175359132,TAMU,65
38,HiRain_SWW_SP,0.234489967,TAMU,81
39,HiRain_SWW_SP,0.238912891,TAMU,94
40,HiRain_SWW_SP,0.291864302,TAMU,100
41,HiRain_SWW_SP,0.27762576,TAMU,105
42,HiRain_SWW_SP,0.262224224,TAMU,68
43,HiRain_SWW_SP,0.196518503,TAMU,67
44,HiRain_SWW_SP,0.2190982,TAMU,109
45,HiRain_SWW_SP,0.176305299,TAMU,90
46,HiRain_SWW_SP,0.22152469,TAMU,105
47,HiRain_SWW_SP,0.145145597,TAMU,95
48,HiRain_SWW_SP,0.198510938,TAMU,93
49,HiRain_SWW_SP,0.235888552,TAMU,103
50,HiRain_SWW_SP,0.232603683,TAMU,96
51,HiRain_SWW_SP,0.123891376,TAMU,90
52,HiRain_SWW_SP,0.223132427,TAMU,92
53,HiRain_SWW_SP,0.159659301,TAMU,74
54,HiRain_SWW_SP,0.20601681,TAMU,84
55,HiRain_SWW_SP,0.250529626,TAMU,89
56,HiRain_SWW_SP,0.227600317,TAMU,87
57,HiRain_SWW_SP,0.207762158,TAMU,83
58,HiRain_SWW_SP,0.255487886,TAMU,94
59,HiRain_SWW_SP,0.232244768,TAMU,88
60,HiRain_SWW_SP,0.234788686,TAMU,93
61,HiRain_SWW_SP,0.20410863,TAMU,77
62,HiRain_SWW_SP,0.277812255,TAMU,99
63,HiRain_SWW_SP,0.260109258,TAMU,98
64,HiRain_SWW_SP,0.2661587,TAMU,103
65,HiRain_SWW_SP,0.212889547,TAMU,90
66,HiRain_SWW_SP,0.261219604,TAMU,102
67,HiRain_SWW_SP,0.10790337,TAMU,59
68,HiRain_SWW_SP,0.129157129,TAMU,63
69,HiRain_SWW_SP,0.231372936,TAMU,105
70,HiRain_SWW_SP,0.223037935,TAMU,80
71,HiRain_SWW_SP,0.169788476,TAMU,92
72,HiRain_SWW_SP,0.148781715,TAMU,73
73,HiRain_SWW_SP,0.0990982,TAMU,76
74,HiRain_SWW_SP,0.052180616,TAMU,61
75,HiRain_SWW_SP,0.056618926,TAMU,71
76,HiRain_SWW_SP,-0.011503846,TAMU,41
77,HiRain_SWW_SP,0.149167754,TAMU,89
78,HiRain_SWW_SP,0.134280452,TAMU,86
79,HiRain_SWW_SP,0.108718821,TAMU,88
80,HiRain_SWW_SP,0.160267622,TAMU,91
81,HiRain_SWW_SP,0.234549538,TAMU,108
82,HiRain_SWW_SP,0.135902006,TAMU,75
83,HiRain_SWW_SP,0.081028618,TAMU,61
84,HiRain_SWW_SP,0.116560994,TAMU,62
85,HiRain_SWW_SP,0.257702801,TAMU,89
86,HiRain_SWW_SP,0.164831831,TAMU,93
87,HiRain_SWW_SP,0.160757415,TAMU,101
88,HiRain_SWW_SP,0.142640171,TAMU,95
89,HiRain_SWW_SP,0.132573953,TAMU,79
90,HiRain_SWW_SP,0.141016193,TAMU,89
91,HiRain_SWW_SP,0.271474045,TAMU,104
92,HiRain_SWW_SP,0.215084715,TAMU,92
93,HiRain_SWW_SP,0.13467979,TAMU,85
94,HiRain_SWW_SP,0.179936097,TAMU,86
95,HiRain_SWW_SP,0.156221331,TAMU,102
96,HiRain_SWW_SP,0.136692919,TAMU,88
97,HiRain_SWW_SP,0.169322499,TAMU,94
98,HiRain_SWW_SP,0.194876786,TAMU,89
99,HiRain_SWW_SP,0.081953083,TAMU,68
100,HiRain_SWW_SP,0.148292558,TAMU,83
101,HiRain_SWW_SP,0.169281636,TAMU,98
102,HiRain_SWW_SP,0.130711836,TAMU,85
103,HiRain_SWW_SP,0.113435192,TAMU,86
104,HiRain_SWW_SP,0.107681448,TAMU,80
105,HiRain_SWW_SP,0.017157233,TAMU,67
106,HiRain_SWW_SP,-0.012215783,TAMU,56
107,HiRain_SWW_SP,0.064552326,TAMU,40
108,HiRain_SWW_SP,0.081443485,TAMU,65
109,HiRain_SWW_SP,0.119241026,TAMU,72
110,HiRain_SWW_SP,0.145999098,TAMU,77
111,HiRain_SWW_SP,0.131435277,TAMU,91
112,HiRain_SWW_SP,0.217151601,TAMU,84
113,HiRain_SWW_SP,0.220332683,TAMU,96
114,HiRain_SWW_SP,0.252601926,TAMU,87
115,HiRain_SWW_SP,0.202906933,TAMU,95
116,HiRain_SWW_SP,0.161475002,TAMU,91
117,HiRain_SWW_SP,0.082869072,TAMU,83
118,HiRain_SWW_SP,0.091097519,TAMU,80
119,HiRain_SWW_SP,0.107339915,TAMU,73
120,HiRain_SWW_SP,0.172943918,TAMU,80
121,HiRain_SWW_SP,0.155942919,TAMU,78
122,HiRain_SWW_SP,0.158425558,TAMU,100
123,HiRain_SWW_SP,0.147327511,TAMU,75
124,HiRain_SWW_SP,0.21406544,TAMU,92
125,HiRain_SWW_SP,0.125984845,TAMU,74
126,HiRain_SWW_SP,0.183468721,TAMU,78
127,HiRain_SWW_SP,0.199130629,TAMU,101
128,HiRain_SWW_SP,0.162461311,TAMU,91
129,HiRain_SWW_SP,0.200888163,TAMU,104
130,HiRain_SWW_SP,0.205525946,TAMU,91
131,HiRain_SWW_SP,0.149287083,TAMU,106
132,HiRain_SWW_SP,0.197084283,TAMU,88
133,HiRain_SWW_SP,0.209719577,TAMU,93
134,HiRain_SWW_SP,0.131257872,TAMU,80
135,HiRain_SWW_SP,0.160250559,TAMU,86
136,HiRain_SWW_SP,0.134332177,TAMU,94
137,HiRain_SWW_SP,0.161002799,TAMU,100
138,HiRain_SWW_SP,0.189502005,TAMU,95
139,HiRain_SWW_SP,0.090793965,TAMU,79
140,HiRain_SWW_SP,0.08349076,TAMU,79
141,HiRain_SWW_SP,0.219225645,TAMU,94
142,HiRain_SWW_SP,0.191332744,TAMU,92
143,HiRain_SWW_SP,0.212387779,TAMU,106
144,HiRain_SWW_SP,0.181863753,TAMU,94
145,HiRain_SWW_SP,0.21886711,TAMU,99
146,HiRain_SWW_SP,0.241848768,TAMU,101
147,HiRain_SWW_SP,0.213768957,TAMU,91
148,HiRain_SWW_SP,0.211278547,TAMU,92
149,HiRain_SWW_SP,0.19180209,TAMU,90
150,HiRain_SWW_SP,0.220476223,TAMU,102
151,HiRain_SWW_SP,0.287738577,TAMU,110
152,HiRain_SWW_SP,0.195388328,TAMU,106
153,HiRain_SWW_SP,0.237635861,TAMU,98
154,HiRain_SWW_SP,0.227604298,TAMU,106
155,HiRain_SWW_SP,0.231580564,TAMU,117
156,HiRain_SWW_SP,0.231905939,TAMU,111
157,HiRain_SWW_SP,0.239837183,TAMU,112
158,HiRain_SWW_SP,0.181525342,TAMU,109
159,HiRain_SWW_SP,0.210891102,TAMU,111
160,HiRain_SWW_SP,0.14318759,TAMU,83
161,HiRain_SWW_SP,0.238103682,TAMU,112
162,HiRain_SWW_SP,0.160425138,TAMU,93
163,HiRain_SWW_SP,0.125438212,TAMU,91
164,HiRain_SWW_SP,0.169016849,TAMU,92
165,HiRain_SWW_SP,0.156628874,TAMU,88
166,HiRain_SWW_SP,0.091186434,TAMU,79
167,HiRain_SWW_SP,0.158132572,TAMU,74
168,HiRain_SWW_SP,0.12848399,TAMU,77
169,HiRain_SWW_SP,0.269644456,TAMU,115
170,HiRain_SWW_SP,0.225645429,TAMU,99
171,HiRain_SWW_SP,0.154369986,TAMU,106
172,HiRain_SWW_SP,0.237999875,TAMU,109
173,HiRain_SWW_SP,0.240316527,TAMU,103
174,HiRain_SWW_SP,0.243640955,TAMU,113
175,HiRain_SWW_SP,0.209973934,TAMU,92
176,HiRain_SWW_SP,0.2066379,TAMU,118
177,HiRain_SWW_SP,0.195584577,TAMU,100
178,HiRain_SWW_SP,0.199763991,TAMU,120
179,HiRain_SWW_SP,0.211537836,TAMU,118
180,HiRain_SWW_SP,0.254794821,TAMU,122
181,HiRain_SWW_SP,0.24846382,TAMU,117
182,HiRain_SWW_SP,0.227581011,TAMU,127
183,HiRain_SWW_SP,0.243485056,TAMU,133
184,HiRain_SWW_SP,0.235932423,TAMU,129
185,HiRain_SWW_SP,0.267750172,TAMU,136
186,HiRain_SWW_SP,0.229722012,TAMU,127
187,HiRain_SWW_SP,0.243477759,TAMU,125
188,HiRain_SWW_SP,0.2717347,TAMU,111
189,HiRain_SWW_SP,0.259358584,TAMU,115
190,HiRain_SWW_SP,0.235108215,TAMU,111
191,HiRain_SWW_SP,0.216035203,TAMU,113
192,HiRain_SWW_SP,0.22811242,TAMU,109
193,HiRain_SWW_SP,0.219966673,TAMU,124
194,HiRain_SWW_SP,0.246660364,TAMU,111
195,HiRain_SWW_SP,0.199501645,TAMU,108
196,HiRain_SWW_SP,0.180014814,TAMU,103
197,HiRain_SWW_SP,0.187497759,TAMU,110
198,HiRain_SWW_SP,0.26449062,TAMU,106
199,HiRain_SWW_SP,0.275206594,TAMU,109
200,HiRain_SWW_SP,0.248091955,TAMU,103
201,HiRain_SWW_SP,0.29940687,TAMU,121
202,HiRain_SWW_SP,0.303357741,TAMU,114
203,HiRain_SWW_SP,0.267354432,TAMU,108
204,HiRain_SWW_SP,0.270236657,TAMU,114
205,HiRain_SWW_SP,0.298299159,TAMU,116
206,HiRain_SWW_SP,0.296306722,TAMU,117
207,HiRain_SWW_SP,0.293962782,TAMU,128
208,HiRain_SWW_SP,0.273644444,TAMU,129
209,HiRain_SWW_SP,0.328182494,TAMU,128
210,HiRain_SWW_SP,0.195524111,TAMU,96
211,HiRain_SWW_SP,0.25579113,TAMU,116
212,HiRain_SWW_SP,0.225012248,TAMU,99
213,HiRain_SWW_SP,0.146695798,TAMU,86
214,HiRain_SWW_SP,0.167566057,TAMU,100
215,HiRain_SWW_SP,0.206758393,TAMU,111
216,HiRain_SWW_SP,0.161207067,TAMU,97
217,HiRain_SWW_SP,0.179531022,TAMU,102
218,HiRain_SWW_SP,0.100186219,TAMU,84
219,HiRain_SWW_SP,0.114231495,TAMU,85
220,HiRain_SWW_SP,0.119432166,TAMU,91
221,HiRain_SWW_SP,0.168280776,TAMU,94
222,HiRain_SWW_SP,0.073322028,TAMU,74
223,HiRain_SWW_SP,0.091033765,TAMU,82
224,HiRain_SWW_SP,0.080259181,TAMU,78
225,HiRain_SWW_SP,0.155434245,TAMU,92
226,HiRain_SWW_SP,0.149347046,TAMU,88
227,HiRain_SWW_SP,0.12799625,TAMU,94
228,HiRain_SWW_SP,0.119519558,TAMU,90
229,HiRain_SWW_SP,0.132760433,TAMU,76
230,HiRain_SWW_SP,0.171075384,TAMU,95
231,HiRain_SWW_SP,0.118588186,TAMU,93
232,HiRain_SWW_SP,0.225848569,TAMU,97
233,HiRain_SWW_SP,0.221182896,TAMU,98
234,HiRain_SWW_SP,0.235907709,TAMU,96
235,HiRain_SWW_SP,0.248887631,TAMU,104
236,HiRain_SWW_SP,0.200948379,TAMU,108
237,HiRain_SWW_SP,0.16270346,TAMU,93
238,HiRain_SWW_SP,0.188676366,TAMU,96
239,HiRain_SWW_SP,0.166198704,TAMU,86
240,HiRain_SWW_SP,0.22224359,TAMU,97
241,HiRain_SWW_SP,0.17007846,TAMU,87
242,HiRain_SWW_SP,0.226963558,TAMU,88
243,HiRain_SWW_SP,0.048447512,TAMU,71
244,HiRain_SWW_SP,0.210428814,TAMU,81
245,HiRain_SWW_SP,0.185948597,TAMU,86
246,HiRain_SWW_SP,0.222843581,TAMU,83
247,HiRain_SWW_SP,0.206245929,TAMU,85
248,HiRain_SWW_SP,0.187908962,TAMU,90
249,HiRain_SWW_SP,0.14748865,TAMU,78
250,HiRain_SWW_SP,0.164790261,TAMU,98
1,Metribuzin_Trail_NoSpray,0.241135375,TAMU,119
2,Metribuzin_Trail_NoSpray,0.239197461,TAMU,119
3,Metribuzin_Trail_NoSpray,0.227265155,TAMU,120
4,Metribuzin_Trail_NoSpray,0.281587138,TAMU,127
5,Metribuzin_Trail_NoSpray,0.181610268,TAMU,115
6,Metribuzin_Trail_NoSpray,0.272607607,TAMU,129
7,Metribuzin_Trail_NoSpray,0.276799219,TAMU,120
8,Metribuzin_Trail_NoSpray,0.26256748,TAMU,133
9,Metribuzin_Trail_NoSpray,0.253938874,TAMU,119
10,Metribuzin_Trail_NoSpray,0.217954422,TAMU,109
11,Metribuzin_Trail_NoSpray,0.216007464,TAMU,98
12,Metribuzin_Trail_NoSpray,0.208394469,TAMU,91
13,Metribuzin_Trail_NoSpray,0.248788516,TAMU,100
14,Metribuzin_Trail_NoSpray,0.228247763,TAMU,104
15,Metribuzin_Trail_NoSpray,0.233201134,TAMU,104
16,Metribuzin_Trail_NoSpray,0.233932454,TAMU,112
17,Metribuzin_Trail_NoSpray,0.178943174,TAMU,80
18,Metribuzin_Trail_NoSpray,0.14032002,TAMU,84
19,Metribuzin_Trail_NoSpray,0.179042828,TAMU,87
20,Metribuzin_Trail_NoSpray,0.201904121,TAMU,83
21,Metribuzin_Trail_NoSpray,0.255825849,TAMU,105
22,Metribuzin_Trail_NoSpray,0.23039862,TAMU,101
23,Metribuzin_Trail_NoSpray,0.163456969,TAMU,86
24,Metribuzin_Trail_NoSpray,0.21006157,TAMU,91
25,Metribuzin_Trail_NoSpray,0.16242209,TAMU,86
26,Metribuzin_Trail_NoSpray,0.216121262,TAMU,84
27,Metribuzin_Trail_NoSpray,0.228282869,TAMU,95
28,Metribuzin_Trail_NoSpray,0.245137368,TAMU,89
29,Metribuzin_Trail_NoSpray,0.162681924,TAMU,91
30,Metribuzin_Trail_NoSpray,0.168364421,TAMU,87
31,Metribuzin_Trail_NoSpray,0.160745579,TAMU,82
32,Metribuzin_Trail_NoSpray,0.234128534,TAMU,105
33,Metribuzin_Trail_NoSpray,0.208182469,TAMU,101
34,Metribuzin_Trail_NoSpray,0.244410618,TAMU,102
35,Metribuzin_Trail_NoSpray,0.256586141,TAMU,96
36,Metribuzin_Trail_NoSpray,0.17826427,TAMU,95
1,Metribuzin_Trial_Spray,0.143755239,TAMU,102
2,Metribuzin_Trial_Spray,0.150903109,TAMU,94
3,Metribuzin_Trial_Spray,0.18517962,TAMU,110
4,Metribuzin_Trial_Spray,0.156945494,TAMU,105
5,Metribuzin_Trial_Spray,0.102227156,TAMU,75
6,Metribuzin_Trial_Spray,0.176622747,TAMU,92
7,Metribuzin_Trial_Spray,0.176400794,TAMU,91
8,Metribuzin_Trial_Spray,0.16329788,TAMU,102
9,Metribuzin_Trial_Spray,0.196547887,TAMU,106
10,Metribuzin_Trial_Spray,0.186261698,TAMU,104
11,Metribuzin_Trial_Spray,0.224328769,TAMU,104
12,Metribuzin_Trial_Spray,0.208361775,TAMU,104
13,Metribuzin_Trial_Spray,0.205059769,TAMU,109
14,Metribuzin_Trial_Spray,0.160110833,TAMU,102
15,Metribuzin_Trial_Spray,0.194303634,TAMU,111
16,Metribuzin_Trial_Spray,0.221179267,TAMU,118
17,Metribuzin_Trial_Spray,0.170745807,TAMU,61
18,Metribuzin_Trial_Spray,0.151238267,TAMU,80
19,Metribuzin_Trial_Spray,0.179199846,TAMU,86
20,Metribuzin_Trial_Spray,0.206583137,TAMU,91
21,Metribuzin_Trial_Spray,0.204212337,TAMU,97
22,Metribuzin_Trial_Spray,0.198537161,TAMU,99
23,Metribuzin_Trial_Spray,0.137228186,TAMU,90
24,Metribuzin_Trial_Spray,0.194272433,TAMU,106
25,Metribuzin_Trial_Spray,0.14994809,TAMU,80
26,Metribuzin_Trial_Spray,0.194826556,TAMU,85
27,Metribuzin_Trial_Spray,0.195000444,TAMU,85
28,Metribuzin_Trial_Spray,0.209052073,TAMU,87
29,Metribuzin_Trial_Spray,0.139517128,TAMU,79
30,Metribuzin_Trial_Spray,0.157779439,TAMU,71
31,Metribuzin_Trial_Spray,0.173449946,TAMU,79
32,Metribuzin_Trial_Spray,0.193464183,TAMU,88
33,Metribuzin_Trial_Spray,0.147699106,TAMU,91
34,Metribuzin_Trial_Spray,0.176160618,TAMU,94
35,Metribuzin_Trial_Spray,0.210085386,TAMU,97
36,Metribuzin_Trial_Spray,0.156245602,TAMU,90
1,HiRain_Hard_SP,0.324965346,WSU,74
2,HiRain_Hard_SP,0.359747129,WSU,30
3,HiRain_Hard_SP,0.390938539,WSU,94
4,HiRain_Hard_SP,0.372154265,WSU,87
5,HiRain_Hard_SP,0.374589985,WSU,89
6,HiRain_Hard_SP,0.340637725,WSU,86
7,HiRain_Hard_SP,0.350690929,WSU,78
8,HiRain_Hard_SP,0.347862377,WSU,92
9,HiRain_Hard_SP,0.398033607,WSU,113
10,HiRain_Hard_SP,0.399859365,WSU,88
11,HiRain_Hard_SP,0.343599831,WSU,71
12,HiRain_Hard_SP,0.402931686,WSU,103
13,HiRain_Hard_SP,0.40345448,WSU,106
14,HiRain_Hard_SP,0.403491589,WSU,106
15,HiRain_Hard_SP,0.439519678,WSU,124
16,HiRain_Hard_SP,0.421906624,WSU,117
17,HiRain_Hard_SP,0.374967349,WSU,111
18,HiRain_Hard_SP,0.380207813,WSU,120
19,HiRain_Hard_SP,0.388340361,WSU,117
20,HiRain_Hard_SP,0.390763029,WSU,127
21,HiRain_Hard_SP,0.396392861,WSU,117
22,HiRain_Hard_SP,0.409568889,WSU,102
23,HiRain_Hard_SP,0.378028512,WSU,119
24,HiRain_Hard_SP,0.402162935,WSU,109
25,HiRain_Hard_SP,0.39059396,WSU,107
26,HiRain_Hard_SP,0.38455434,WSU,98
27,HiRain_Hard_SP,0.375660151,WSU,108
28,HiRain_Hard_SP,0.391616256,WSU,96
29,HiRain_Hard_SP,0.41109099,WSU,107
30,HiRain_Hard_SP,0.434904273,WSU,105
31,HiRain_Hard_SP,0.401365922,WSU,100
32,HiRain_Hard_SP,0.406171674,WSU,92
33,HiRain_Hard_SP,0.423775243,WSU,103
34,HiRain_Hard_SP,0.434376602,WSU,104
35,HiRain_Hard_SP,0.422332076,WSU,101
36,HiRain_Hard_SP,0.429885852,WSU,108
37,HiRain_Hard_SP,0.419573928,WSU,94
38,HiRain_Hard_SP,0.435684393,WSU,107
39,HiRain_Hard_SP,0.413900148,WSU,101
40,HiRain_Hard_SP,0.414433972,WSU,100
41,HiRain_Hard_SP,0.44317854,WSU,92
42,HiRain_Hard_SP,0.431922914,WSU,98
43,HiRain_Hard_SP,0.45226385,WSU,129
44,HiRain_Hard_SP,0.447566755,WSU,121
45,HiRain_Hard_SP,0.443327155,WSU,127
46,HiRain_Hard_SP,0.434020983,WSU,123
47,HiRain_Hard_SP,0.466354635,WSU,133
48,HiRain_Hard_SP,0.431664868,WSU,124
49,HiRain_Hard_SP,0.407861734,WSU,105
50,HiRain_Hard_SP,0.445552448,WSU,121
51,HiRain_Hard_SP,0.42643511,WSU,127
52,HiRain_Hard_SP,0.419434239,WSU,115
53,HiRain_Hard_SP,0.411904102,WSU,115
54,HiRain_Hard_SP,0.427149721,WSU,122
55,HiRain_Hard_SP,0.398349114,WSU,109
56,HiRain_Hard_SP,0.401024436,WSU,117
57,HiRain_Hard_SP,0.436160127,WSU,108
58,HiRain_Hard_SP,0.445425667,WSU,109
59,HiRain_Hard_SP,0.442684275,WSU,110
60,HiRain_Hard_SP,0.442599888,WSU,107
61,HiRain_Hard_SP,0.413224477,WSU,93
62,HiRain_Hard_SP,0.435555386,WSU,111
63,HiRain_Hard_SP,0.444514626,WSU,108
64,HiRain_Hard_SP,0.43004963,WSU,111
65,HiRain_Hard_SP,0.447897729,WSU,114
66,HiRain_Hard_SP,0.460536784,WSU,116
67,HiRain_Hard_SP,0.431225535,WSU,105
68,HiRain_Hard_SP,0.395456355,WSU,100
69,HiRain_Hard_SP,0.426230585,WSU,107
70,HiRain_Hard_SP,0.426314591,WSU,111
71,HiRain_Hard_SP,0.298751121,WSU,81
72,HiRain_Hard_SP,0.327948894,WSU,78
73,HiRain_Hard_SP,0.307200522,WSU,83
74,HiRain_Hard_SP,0.359565905,WSU,90
75,HiRain_Hard_SP,0.365417283,WSU,107
76,HiRain_Hard_SP,0.379173283,WSU,109
77,HiRain_Hard_SP,0.412539708,WSU,136
78,HiRain_Hard_SP,0.430854757,WSU,103
79,HiRain_Hard_SP,0.378422226,WSU,118
80,HiRain_Hard_SP,0.367653811,WSU,106
81,HiRain_Hard_SP,0.38723468,WSU,108
82,HiRain_Hard_SP,0.416064159,WSU,126
83,HiRain_Hard_SP,0.425730917,WSU,117
84,HiRain_Hard_SP,0.444396637,WSU,115
85,HiRain_Hard_SP,0.428581337,WSU,107
86,HiRain_Hard_SP,0.413843747,WSU,106
87,HiRain_Hard_SP,0.412001167,WSU,97
88,HiRain_Hard_SP,0.438764056,WSU,103
89,HiRain_Hard_SP,0.418888103,WSU,98
90,HiRain_Hard_SP,0.43903986,WSU,95
91,HiRain_Hard_SP,0.415421062,WSU,83
92,HiRain_Hard_SP,0.341785829,WSU,87
93,HiRain_Hard_SP,0.329517258,WSU,81
94,HiRain_Hard_SP,0.365854631,WSU,96
95,HiRain_Hard_SP,0.332074957,WSU,84
96,HiRain_Hard_SP,0.262625015,WSU,70
97,HiRain_Hard_SP,0.258614989,WSU,54
98,HiRain_Hard_SP,0.271352441,WSU,70
99,HiRain_Hard_SP,0.31011675,WSU,74
100,HiRain_Hard_SP,0.274734033,WSU,67
101,HiRain_Hard_SP,0.246115561,WSU,73
102,HiRain_Hard_SP,0.272904709,WSU,72
103,HiRain_Hard_SP,0.285564951,WSU,77
104,HiRain_Hard_SP,0.304738308,WSU,75
105,HiRain_Hard_SP,0.274153139,WSU,72
106,HiRain_Hard_SP,0.257150423,WSU,70
107,HiRain_Hard_SP,0.32750088,WSU,89
108,HiRain_Hard_SP,0.314179748,WSU,88
109,HiRain_Hard_SP,0.331328002,WSU,87
110,HiRain_Hard_SP,0.336865185,WSU,94
111,HiRain_Hard_SP,0.321885917,WSU,78
112,HiRain_Hard_SP,0.346157933,WSU,110
113,HiRain_Hard_SP,0.399555896,WSU,97
114,HiRain_Hard_SP,0.336403967,WSU,89
115,HiRain_Hard_SP,0.398369489,WSU,84
116,HiRain_Hard_SP,0.351171095,WSU,81
117,HiRain_Hard_SP,0.321295866,WSU,76
118,HiRain_Hard_SP,0.312526133,WSU,76
119,HiRain_Hard_SP,0.32544606,WSU,71
120,HiRain_Hard_SP,0.256360181,WSU,56
121,HiRain_Hard_SP,0.302459388,WSU,77
122,HiRain_Hard_SP,0.247087705,WSU,74
123,HiRain_Hard_SP,0.300406794,WSU,63
124,HiRain_Hard_SP,0.311136894,WSU,63
125,HiRain_Hard_SP,0.337486904,WSU,79
126,HiRain_Hard_SP,0.371422683,WSU,88
127,HiRain_Hard_SP,0.438215527,WSU,102
128,HiRain_Hard_SP,0.405895735,WSU,100
129,HiRain_Hard_SP,0.391754857,WSU,96
130,HiRain_Hard_SP,0.374860212,WSU,97
131,HiRain_Hard_SP,0.405577457,WSU,99
132,HiRain_Hard_SP,0.408010581,WSU,118
133,HiRain_Hard_SP,0.428309166,WSU,118
134,HiRain_Hard_SP,0.490922548,WSU,118
135,HiRain_Hard_SP,0.469533015,WSU,115
136,HiRain_Hard_SP,0.445632242,WSU,120
137,HiRain_Hard_SP,0.450246715,WSU,116
138,HiRain_Hard_SP,0.448395942,WSU,112
139,HiRain_Hard_SP,0.433674958,WSU,102
140,HiRain_Hard_SP,0.434662732,WSU,107
141,HiRain_Hard_SP,0.445615225,WSU,97
142,HiRain_Hard_SP,0.438272281,WSU,105
143,HiRain_Hard_SP,0.434170823,WSU,114
144,HiRain_Hard_SP,0.438672279,WSU,119
145,HiRain_Hard_SP,0.460115086,WSU,124
146,HiRain_Hard_SP,0.432756223,WSU,117
147,HiRain_Hard_SP,0.458795913,WSU,125
148,HiRain_Hard_SP,0.44959532,WSU,120
149,HiRain_Hard_SP,0.435593362,WSU,110
150,HiRain_Hard_SP,0.421650293,WSU,98
151,HiRain_Hard_SP,0.408530961,WSU,103
152,HiRain_Hard_SP,0.363883863,WSU,93
153,HiRain_Hard_SP,0.371727066,WSU,102
154,HiRain_Hard_SP,0.361493663,WSU,93
155,HiRain_Hard_SP,0.441732443,WSU,119
156,HiRain_Hard_SP,0.46252022,WSU,119
157,HiRain_Hard_SP,0.464321603,WSU,111
158,HiRain_Hard_SP,0.467892203,WSU,116
159,HiRain_Hard_SP,0.479002417,WSU,116
160,HiRain_Hard_SP,0.407303952,WSU,119
161,HiRain_Hard_SP,0.398852998,WSU,80
162,HiRain_Hard_SP,0.472272654,WSU,123
163,HiRain_Hard_SP,0.449476171,WSU,121
164,HiRain_Hard_SP,0.435836152,WSU,129
165,HiRain_Hard_SP,0.460906155,WSU,124
166,HiRain_Hard_SP,0.417117755,WSU,127
167,HiRain_Hard_SP,0.432514988,WSU,112
168,HiRain_Hard_SP,0.467345734,WSU,124
169,HiRain_Hard_SP,0.41438303,WSU,93
170,HiRain_Hard_SP,0.437358664,WSU,118
171,HiRain_Hard_SP,0.436945468,WSU,126
172,HiRain_Hard_SP,0.425677327,WSU,128
173,HiRain_Hard_SP,0.39968858,WSU,123
174,HiRain_Hard_SP,0.442917102,WSU,130
175,HiRain_Hard_SP,0.462424174,WSU,129
176,HiRain_Hard_SP,0.450746626,WSU,120
177,HiRain_Hard_SP,0.442696476,WSU,128
178,HiRain_Hard_SP,0.433086147,WSU,135
179,HiRain_Hard_SP,0.451962647,WSU,129
180,HiRain_Hard_SP,0.430267368,WSU,113
181,HiRain_Hard_SP,0.403289896,WSU,111
182,HiRain_Hard_SP,0.423066823,WSU,131
183,HiRain_Hard_SP,0.416188617,WSU,107
184,HiRain_Hard_SP,0.419662258,WSU,109
185,HiRain_Hard_SP,0.411507823,WSU,110
186,HiRain_Hard_SP,0.396264115,WSU,119
187,HiRain_Hard_SP,0.389249516,WSU,117
188,HiRain_Hard_SP,0.398761122,WSU,124
189,HiRain_Hard_SP,0.441793832,WSU,123
190,HiRain_Hard_SP,0.435114461,WSU,93
191,HiRain_Hard_SP,0.441988989,WSU,96
192,HiRain_Hard_SP,0.44122071,WSU,119
193,HiRain_Hard_SP,0.437261226,WSU,118
194,HiRain_Hard_SP,0.43057949,WSU,118
195,HiRain_Hard_SP,0.448044294,WSU,103
196,HiRain_Hard_SP,0.439114216,WSU,123
197,HiRain_Hard_SP,0.373015061,WSU,103
198,HiRain_Hard_SP,0.374189905,WSU,93
199,HiRain_Hard_SP,0.363145139,WSU,107
2000,HiRain_Hard_SP,0.380759229,WSU,100
201,HiRain_Hard_SP,0.392800018,WSU,113
202,HiRain_Hard_SP,0.400645168,WSU,111
203,HiRain_Hard_SP,0.383028245,WSU,105
204,HiRain_Hard_SP,0.406403787,WSU,115
205,HiRain_Hard_SP,0.437731801,WSU,103
206,HiRain_Hard_SP,0.411579791,WSU,108
207,HiRain_Hard_SP,0.387227223,WSU,100
208,HiRain_Hard_SP,0.391006065,WSU,100
209,HiRain_Hard_SP,0.399599535,WSU,96
210,HiRain_Hard_SP,0.372007776,WSU,84
211,HiRain_Hard_SP,0.371416951,WSU,71
212,HiRain_Hard_SP,0.40188462,WSU,91
213,HiRain_Hard_SP,0.396138233,WSU,94
214,HiRain_Hard_SP,0.400720035,WSU,102
215,HiRain_Hard_SP,0.409254489,WSU,99
216,HiRain_Hard_SP,0.432733872,WSU,101
217,HiRain_Hard_SP,0.42757089,WSU,103
218,HiRain_Hard_SP,0.405272763,WSU,115
219,HiRain_Hard_SP,0.430575044,WSU,109
220,HiRain_Hard_SP,0.408034366,WSU,110
221,HiRain_Hard_SP,0.368842408,WSU,90
222,HiRain_Hard_SP,0.315816591,WSU,75
223,HiRain_Hard_SP,0.347516112,WSU,84
224,HiRain_Hard_SP,0.374884469,WSU,84
225,HiRain_Hard_SP,0.386515463,WSU,92
226,HiRain_Hard_SP,0.385514354,WSU,92
227,HiRain_Hard_SP,0.364898036,WSU,91
228,HiRain_Hard_SP,0.358204625,WSU,101
229,HiRain_Hard_SP,0.360283338,WSU,101
230,HiRain_Hard_SP,0.353677541,WSU,99
231,HiRain_Hard_SP,0.410453434,WSU,104
232,HiRain_Hard_SP,0.416138772,WSU,119
233,HiRain_Hard_SP,0.406022732,WSU,109
234,HiRain_Hard_SP,0.405948511,WSU,104
235,HiRain_Hard_SP,0.377226353,WSU,97
236,HiRain_Hard_SP,0.364660316,WSU,102
237,HiRain_Hard_SP,0.37092733,WSU,99
238,HiRain_Hard_SP,0.392855947,WSU,95
239,HiRain_Hard_SP,0.424596501,WSU,97
1,HiRain_SWW_SP,0.362261017,WSU,62
2,HiRain_SWW_SP,0.379480264,WSU,68
3,HiRain_SWW_SP,0.443767179,WSU,90
4,HiRain_SWW_SP,0.431172582,WSU,77
5,HiRain_SWW_SP,0.413519551,WSU,68
6,HiRain_SWW_SP,0.393875492,WSU,69
7,HiRain_SWW_SP,0.399111925,WSU,67
8,HiRain_SWW_SP,0.406508642,WSU,72
9,HiRain_SWW_SP,0.398797933,WSU,75
10,HiRain_SWW_SP,0.420933944,WSU,83
11,HiRain_SWW_SP,0.366921999,WSU,87
12,HiRain_SWW_SP,0.418031749,WSU,86
13,HiRain_SWW_SP,0.374807636,WSU,72
14,HiRain_SWW_SP,0.411849275,WSU,60
15,HiRain_SWW_SP,0.408912278,WSU,57
16,HiRain_SWW_SP,0.39056551,WSU,82
17,HiRain_SWW_SP,0.412844958,WSU,103
18,HiRain_SWW_SP,0.407708056,WSU,90
19,HiRain_SWW_SP,0.398685053,WSU,90
20,HiRain_SWW_SP,0.376774413,WSU,83
21,HiRain_SWW_SP,0.408724594,WSU,95
22,HiRain_SWW_SP,0.340605107,WSU,83
23,HiRain_SWW_SP,0.382595536,WSU,94
24,HiRain_SWW_SP,0.358582527,WSU,73
25,HiRain_SWW_SP,0.399953461,WSU,80
26,HiRain_SWW_SP,0.390898054,WSU,83
27,HiRain_SWW_SP,0.368133199,WSU,79
28,HiRain_SWW_SP,0.399726357,WSU,86
29,HiRain_SWW_SP,0.465673048,WSU,104
30,HiRain_SWW_SP,0.409881934,WSU,91
31,HiRain_SWW_SP,0.446610288,WSU,95
32,HiRain_SWW_SP,0.427329873,WSU,87
33,HiRain_SWW_SP,0.409610714,WSU,89
34,HiRain_SWW_SP,0.400890029,WSU,85
35,HiRain_SWW_SP,0.399464461,WSU,89
36,HiRain_SWW_SP,0.397907739,WSU,87
37,HiRain_SWW_SP,0.381872771,WSU,65
38,HiRain_SWW_SP,0.419355489,WSU,81
39,HiRain_SWW_SP,0.420536819,WSU,94
40,HiRain_SWW_SP,0.464680698,WSU,100
41,HiRain_SWW_SP,0.450333964,WSU,105
42,HiRain_SWW_SP,0.437984938,WSU,68
43,HiRain_SWW_SP,0.397318732,WSU,67
44,HiRain_SWW_SP,0.415078893,WSU,109
45,HiRain_SWW_SP,0.370558452,WSU,90
46,HiRain_SWW_SP,0.408519123,WSU,105
47,HiRain_SWW_SP,0.358479709,WSU,95
48,HiRain_SWW_SP,0.390658021,WSU,93
49,HiRain_SWW_SP,0.420228362,WSU,103
50,HiRain_SWW_SP,0.412494129,WSU,96
51,HiRain_SWW_SP,0.346527458,WSU,90
52,HiRain_SWW_SP,0.40823355,WSU,92
53,HiRain_SWW_SP,0.378208996,WSU,74
54,HiRain_SWW_SP,0.398586331,WSU,84
55,HiRain_SWW_SP,0.429890405,WSU,89
56,HiRain_SWW_SP,0.409248259,WSU,87
57,HiRain_SWW_SP,0.392535763,WSU,83
58,HiRain_SWW_SP,0.433142003,WSU,94
59,HiRain_SWW_SP,0.415039715,WSU,88
60,HiRain_SWW_SP,0.42015912,WSU,93
61,HiRain_SWW_SP,0.399686824,WSU,77
62,HiRain_SWW_SP,0.4542756,WSU,99
63,HiRain_SWW_SP,0.443226877,WSU,98
64,HiRain_SWW_SP,0.438884146,WSU,103
65,HiRain_SWW_SP,0.403674298,WSU,90
66,HiRain_SWW_SP,0.436777768,WSU,102
67,HiRain_SWW_SP,0.332490893,WSU,59
68,HiRain_SWW_SP,0.338809576,WSU,63
69,HiRain_SWW_SP,0.409308475,WSU,105
70,HiRain_SWW_SP,0.418081509,WSU,80
71,HiRain_SWW_SP,0.362973625,WSU,92
72,HiRain_SWW_SP,0.357223087,WSU,73
73,HiRain_SWW_SP,0.326235929,WSU,76
74,HiRain_SWW_SP,0.307091609,WSU,61
75,HiRain_SWW_SP,0.293024935,WSU,71
76,HiRain_SWW_SP,0.312022203,WSU,41
77,HiRain_SWW_SP,0.362090384,WSU,89
78,HiRain_SWW_SP,0.352651391,WSU,86
79,HiRain_SWW_SP,0.333481466,WSU,88
80,HiRain_SWW_SP,0.368015272,WSU,91
81,HiRain_SWW_SP,0.424049337,WSU,108
82,HiRain_SWW_SP,0.343968947,WSU,75
83,HiRain_SWW_SP,0.321824062,WSU,61
84,HiRain_SWW_SP,0.332476229,WSU,62
85,HiRain_SWW_SP,0.436671567,WSU,89
86,HiRain_SWW_SP,0.365461851,WSU,93
87,HiRain_SWW_SP,0.362141133,WSU,101
88,HiRain_SWW_SP,0.364722524,WSU,95
89,HiRain_SWW_SP,0.349126016,WSU,79
90,HiRain_SWW_SP,0.370545039,WSU,89
91,HiRain_SWW_SP,0.460987511,WSU,104
92,HiRain_SWW_SP,0.417267548,WSU,92
93,HiRain_SWW_SP,0.359180241,WSU,85
94,HiRain_SWW_SP,0.3827165,WSU,86
95,HiRain_SWW_SP,0.375685735,WSU,102
96,HiRain_SWW_SP,0.353867644,WSU,88
97,HiRain_SWW_SP,0.383799381,WSU,94
98,HiRain_SWW_SP,0.39644005,WSU,89
99,HiRain_SWW_SP,0.310795655,WSU,68
100,HiRain_SWW_SP,0.355268156,WSU,83
101,HiRain_SWW_SP,0.378494939,WSU,98
102,HiRain_SWW_SP,0.338003214,WSU,85
103,HiRain_SWW_SP,0.326011877,WSU,86
104,HiRain_SWW_SP,0.328655364,WSU,80
105,HiRain_SWW_SP,0.277558241,WSU,67
106,HiRain_SWW_SP,0.258280981,WSU,56
107,HiRain_SWW_SP,0.299949447,WSU,40
108,HiRain_SWW_SP,0.313071322,WSU,65
109,HiRain_SWW_SP,0.337447143,WSU,72
110,HiRain_SWW_SP,0.351932314,WSU,77
111,HiRain_SWW_SP,0.353821745,WSU,91
112,HiRain_SWW_SP,0.40197407,WSU,84
113,HiRain_SWW_SP,0.406107334,WSU,96
114,HiRain_SWW_SP,0.439422177,WSU,87
115,HiRain_SWW_SP,0.396007085,WSU,95
116,HiRain_SWW_SP,0.36693465,WSU,91
117,HiRain_SWW_SP,0.321021037,WSU,83
118,HiRain_SWW_SP,0.315285734,WSU,80
119,HiRain_SWW_SP,0.33487563,WSU,73
120,HiRain_SWW_SP,0.381090289,WSU,80
121,HiRain_SWW_SP,0.373363911,WSU,78
122,HiRain_SWW_SP,0.363689348,WSU,100
123,HiRain_SWW_SP,0.355032373,WSU,75
124,HiRain_SWW_SP,0.405972973,WSU,92
125,HiRain_SWW_SP,0.342763119,WSU,74
126,HiRain_SWW_SP,0.371705534,WSU,78
127,HiRain_SWW_SP,0.384650376,WSU,101
128,HiRain_SWW_SP,0.361633012,WSU,91
129,HiRain_SWW_SP,0.390257961,WSU,104
130,HiRain_SWW_SP,0.398065019,WSU,91
131,HiRain_SWW_SP,0.342949511,WSU,106
132,HiRain_SWW_SP,0.389216025,WSU,88
133,HiRain_SWW_SP,0.402322999,WSU,93
134,HiRain_SWW_SP,0.348752126,WSU,80
135,HiRain_SWW_SP,0.370594958,WSU,86
136,HiRain_SWW_SP,0.345709919,WSU,94
137,HiRain_SWW_SP,0.364969408,WSU,100
138,HiRain_SWW_SP,0.381024937,WSU,95
139,HiRain_SWW_SP,0.304327434,WSU,79
140,HiRain_SWW_SP,0.309504541,WSU,79
141,HiRain_SWW_SP,0.398514431,WSU,94
142,HiRain_SWW_SP,0.379520033,WSU,92
143,HiRain_SWW_SP,0.396879496,WSU,106
144,HiRain_SWW_SP,0.38143349,WSU,94
145,HiRain_SWW_SP,0.418447271,WSU,99
146,HiRain_SWW_SP,0.431680959,WSU,101
147,HiRain_SWW_SP,0.403541921,WSU,91
148,HiRain_SWW_SP,0.401487018,WSU,92
149,HiRain_SWW_SP,0.391603883,WSU,90
150,HiRain_SWW_SP,0.407477493,WSU,102
151,HiRain_SWW_SP,0.462517856,WSU,110
152,HiRain_SWW_SP,0.382702751,WSU,106
153,HiRain_SWW_SP,0.415477439,WSU,98
154,HiRain_SWW_SP,0.406535625,WSU,106
155,HiRain_SWW_SP,0.409302962,WSU,117
156,HiRain_SWW_SP,0.408757198,WSU,111
157,HiRain_SWW_SP,0.414851533,WSU,112
158,HiRain_SWW_SP,0.375830352,WSU,109
159,HiRain_SWW_SP,0.392052417,WSU,111
160,HiRain_SWW_SP,0.348326308,WSU,83
161,HiRain_SWW_SP,0.415077416,WSU,112
162,HiRain_SWW_SP,0.357230304,WSU,93
163,HiRain_SWW_SP,0.333325973,WSU,91
164,HiRain_SWW_SP,0.370204674,WSU,92
165,HiRain_SWW_SP,0.354621498,WSU,88
166,HiRain_SWW_SP,0.307790806,WSU,79
167,HiRain_SWW_SP,0.352076077,WSU,74
168,HiRain_SWW_SP,0.339117176,WSU,77
169,HiRain_SWW_SP,0.433335398,WSU,115
170,HiRain_SWW_SP,0.400575865,WSU,99
171,HiRain_SWW_SP,0.348400903,WSU,106
172,HiRain_SWW_SP,0.414924938,WSU,109
173,HiRain_SWW_SP,0.418442181,WSU,103
174,HiRain_SWW_SP,0.42993548,WSU,113
175,HiRain_SWW_SP,0.409298993,WSU,92
176,HiRain_SWW_SP,0.398307362,WSU,118
177,HiRain_SWW_SP,0.391035921,WSU,100
178,HiRain_SWW_SP,0.385098863,WSU,120
179,HiRain_SWW_SP,0.389116418,WSU,118
180,HiRain_SWW_SP,0.423250502,WSU,122
181,HiRain_SWW_SP,0.418364557,WSU,117
182,HiRain_SWW_SP,0.404760928,WSU,127
183,HiRain_SWW_SP,0.416050367,WSU,133
184,HiRain_SWW_SP,0.40791549,WSU,129
185,HiRain_SWW_SP,0.437573758,WSU,136
186,HiRain_SWW_SP,0.411096296,WSU,127
187,HiRain_SWW_SP,0.416960754,WSU,125
188,HiRain_SWW_SP,0.439568772,WSU,111
189,HiRain_SWW_SP,0.433910399,WSU,115
190,HiRain_SWW_SP,0.41566363,WSU,111
191,HiRain_SWW_SP,0.400089706,WSU,113
192,HiRain_SWW_SP,0.417155643,WSU,109
193,HiRain_SWW_SP,0.398515122,WSU,124
194,HiRain_SWW_SP,0.419583772,WSU,111
195,HiRain_SWW_SP,0.383251895,WSU,108
196,HiRain_SWW_SP,0.365711065,WSU,103
197,HiRain_SWW_SP,0.369032102,WSU,110
198,HiRain_SWW_SP,0.437084375,WSU,106
199,HiRain_SWW_SP,0.442893267,WSU,109
200,HiRain_SWW_SP,0.424816555,WSU,103
201,HiRain_SWW_SP,0.466294727,WSU,121
202,HiRain_SWW_SP,0.470890358,WSU,114
203,HiRain_SWW_SP,0.441127776,WSU,108
204,HiRain_SWW_SP,0.446148987,WSU,114
205,HiRain_SWW_SP,0.466908489,WSU,116
206,HiRain_SWW_SP,0.463407539,WSU,117
207,HiRain_SWW_SP,0.465438797,WSU,128
208,HiRain_SWW_SP,0.446817432,WSU,129
209,HiRain_SWW_SP,0.482673903,WSU,128
210,HiRain_SWW_SP,0.380497417,WSU,96
211,HiRain_SWW_SP,0.43204785,WSU,116
212,HiRain_SWW_SP,0.417397219,WSU,99
213,HiRain_SWW_SP,0.363263823,WSU,86
214,HiRain_SWW_SP,0.371630519,WSU,100
215,HiRain_SWW_SP,0.394179011,WSU,111
216,HiRain_SWW_SP,0.365476243,WSU,97
217,HiRain_SWW_SP,0.372737566,WSU,102
218,HiRain_SWW_SP,0.309588617,WSU,84
219,HiRain_SWW_SP,0.355119371,WSU,85
220,HiRain_SWW_SP,0.333437389,WSU,91
221,HiRain_SWW_SP,0.362860023,WSU,94
222,HiRain_SWW_SP,0.292154278,WSU,74
223,HiRain_SWW_SP,0.302149323,WSU,82
224,HiRain_SWW_SP,0.299377509,WSU,78
225,HiRain_SWW_SP,0.35337602,WSU,92
226,HiRain_SWW_SP,0.349488256,WSU,88
227,HiRain_SWW_SP,0.335229624,WSU,94
228,HiRain_SWW_SP,0.33289927,WSU,90
229,HiRain_SWW_SP,0.338728542,WSU,76
230,HiRain_SWW_SP,0.368628695,WSU,95
231,HiRain_SWW_SP,0.337461864,WSU,93
232,HiRain_SWW_SP,0.410251141,WSU,97
233,HiRain_SWW_SP,0.406149511,WSU,98
234,HiRain_SWW_SP,0.419315694,WSU,96
235,HiRain_SWW_SP,0.429024554,WSU,104
236,HiRain_SWW_SP,0.389723167,WSU,108
237,HiRain_SWW_SP,0.362517802,WSU,93
238,HiRain_SWW_SP,0.383400583,WSU,96
239,HiRain_SWW_SP,0.377706465,WSU,86
240,HiRain_SWW_SP,0.418206303,WSU,97
241,HiRain_SWW_SP,0.390908273,WSU,87
242,HiRain_SWW_SP,0.42941902,WSU,88
243,HiRain_SWW_SP,0.308914006,WSU,71
244,HiRain_SWW_SP,0.409425067,WSU,81
245,HiRain_SWW_SP,0.394782792,WSU,86
246,HiRain_SWW_SP,0.420207845,WSU,83
247,HiRain_SWW_SP,0.406832697,WSU,85
248,HiRain_SWW_SP,0.393618725,WSU,90
249,HiRain_SWW_SP,0.36077105,WSU,78
250,HiRain_SWW_SP,0.371773369,WSU,98
1,Metribuzin_Trail_NoSpray,0.421079785,WSU,119
2,Metribuzin_Trail_NoSpray,0.423354448,WSU,119
3,Metribuzin_Trail_NoSpray,0.421071064,WSU,120
4,Metribuzin_Trail_NoSpray,0.460734102,WSU,127
5,Metribuzin_Trail_NoSpray,0.389086546,WSU,115
6,Metribuzin_Trail_NoSpray,0.452342849,WSU,129
7,Metribuzin_Trail_NoSpray,0.455130596,WSU,120
8,Metribuzin_Trail_NoSpray,0.442666896,WSU,133
9,Metribuzin_Trail_NoSpray,0.439349676,WSU,119
10,Metribuzin_Trail_NoSpray,0.418843737,WSU,109
11,Metribuzin_Trail_NoSpray,0.421917378,WSU,98
12,Metribuzin_Trail_NoSpray,0.406770495,WSU,91
13,Metribuzin_Trail_NoSpray,0.446455517,WSU,100
14,Metribuzin_Trail_NoSpray,0.424134184,WSU,104
15,Metribuzin_Trail_NoSpray,0.429737509,WSU,104
16,Metribuzin_Trail_NoSpray,0.432887762,WSU,112
17,Metribuzin_Trail_NoSpray,0.385287795,WSU,80
18,Metribuzin_Trail_NoSpray,0.370447216,WSU,84
19,Metribuzin_Trail_NoSpray,0.392515811,WSU,87
20,Metribuzin_Trail_NoSpray,0.413146255,WSU,83
21,Metribuzin_Trail_NoSpray,0.446017258,WSU,105
22,Metribuzin_Trail_NoSpray,0.428782954,WSU,101
23,Metribuzin_Trail_NoSpray,0.381033016,WSU,86
24,Metribuzin_Trail_NoSpray,0.414216399,WSU,91
25,Metribuzin_Trail_NoSpray,0.373639357,WSU,86
26,Metribuzin_Trail_NoSpray,0.41671992,WSU,84
27,Metribuzin_Trail_NoSpray,0.423708202,WSU,95
28,Metribuzin_Trail_NoSpray,0.442893512,WSU,89
29,Metribuzin_Trail_NoSpray,0.378063204,WSU,91
30,Metribuzin_Trail_NoSpray,0.378263298,WSU,87
31,Metribuzin_Trail_NoSpray,0.385620841,WSU,82
32,Metribuzin_Trail_NoSpray,0.427576428,WSU,105
33,Metribuzin_Trail_NoSpray,0.404703933,WSU,101
34,Metribuzin_Trail_NoSpray,0.437787028,WSU,102
35,Metribuzin_Trail_NoSpray,0.454436124,WSU,96
36,Metribuzin_Trail_NoSpray,0.390413007,WSU,95
1,Metribuzin_Trial_Spray,0.351163526,WSU,102
2,Metribuzin_Trial_Spray,0.362610739,WSU,94
3,Metribuzin_Trial_Spray,0.389411938,WSU,110
4,Metribuzin_Trial_Spray,0.372814903,WSU,105
5,Metribuzin_Trial_Spray,0.332995326,WSU,75
6,Metribuzin_Trial_Spray,0.378899792,WSU,92
7,Metribuzin_Trial_Spray,0.380401396,WSU,91
8,Metribuzin_Trial_Spray,0.372709741,WSU,102
9,Metribuzin_Trial_Spray,0.398064813,WSU,106
10,Metribuzin_Trial_Spray,0.388577548,WSU,104
11,Metribuzin_Trial_Spray,0.421302866,WSU,104
12,Metribuzin_Trial_Spray,0.40429409,WSU,104
13,Metribuzin_Trial_Spray,0.416206722,WSU,109
14,Metribuzin_Trial_Spray,0.372762485,WSU,102
15,Metribuzin_Trial_Spray,0.398727348,WSU,111
16,Metribuzin_Trial_Spray,0.418182241,WSU,118
17,Metribuzin_Trial_Spray,0.381575629,WSU,61
18,Metribuzin_Trial_Spray,0.376660951,WSU,80
19,Metribuzin_Trial_Spray,0.391474999,WSU,86
20,Metribuzin_Trial_Spray,0.411170197,WSU,91
21,Metribuzin_Trial_Spray,0.408057879,WSU,97
22,Metribuzin_Trial_Spray,0.401946851,WSU,99
23,Metribuzin_Trial_Spray,0.362793489,WSU,90
24,Metribuzin_Trial_Spray,0.406184466,WSU,106
25,Metribuzin_Trial_Spray,0.375823763,WSU,80
26,Metribuzin_Trial_Spray,0.409705665,WSU,85
27,Metribuzin_Trial_Spray,0.403863807,WSU,85
28,Metribuzin_Trial_Spray,0.420709593,WSU,87
29,Metribuzin_Trial_Spray,0.357429471,WSU,79
30,Metribuzin_Trial_Spray,0.373240291,WSU,71
31,Metribuzin_Trial_Spray,0.389513024,WSU,79
32,Metribuzin_Trial_Spray,0.39613776,WSU,88
33,Metribuzin_Trial_Spray,0.365206343,WSU,91
34,Metribuzin_Trial_Spray,0.392940684,WSU,94
35,Metribuzin_Trial_Spray,0.426401461,WSU,97
36,Metribuzin_Trial_Spray,0.382396401,WSU,90
